链接,标题,播放数量,弹幕数量,发布日期,点赞数量,硬币数量,收藏数量,转发数量,评论数量
https://www.bilibili.com/video/BV1tJ411C7PP?from=search&seid=4392260229409422781,【李云龙】下山,1103000.0,7121.0,20191213.0,93000.0,81000.0,41000.0,4359.0,820.0
评论点赞数,评论内容,,,,,,,,
1388,"<span class=""stick"">置顶</span>有好多小伙伴来求下山的midi，进我的Q群：635092894领取就可以了<img alt=""[狐妖_大笑]"" src=""//i0.hdslb.com/bfs/emote/38bc9f4e39c2ec9d7442f2d67e13092fd535846b.png@100w_100h.webp""/>记得给我三连哈<img alt=""[惊喜]"" class=""small"" src=""//i0.hdslb.com/bfs/emote/0afecaf3a3499479af946f29749e1a6c285b6f65.png@100w_100h.webp""/>",,,,,,,,
3321,今天就该看这样的,,,,,,,,
2080,下山去买几瓶白醋，结果碰上俩鬼，结果被我打败,,,,,,,,
955,狭路相逢勇者胜，逢敌必亮剑。,,,,,,,,
966,七月七日卢沟枪声留给中华儿女难忍受的痛满嘴仁义道德大东亚共荣菊花掩盖着刀锋最好的防守是进攻心中信念狭路相逢勇者胜纵使马革裹尸 万死不辞的人叫云龙我战场逢敌必亮剑一炮击溃坂田联土工榴弹杀手锏山崎作祭奠我中华男儿莫等闲一身肝胆薄云天荡寇杀敌我心愿旧中国再见咱中国军人不能当孬种逢敌必亮剑，绝不含糊好，云龙兄，说的太好了身陷重围也要进攻视死如归 发起最后的冲锋如果奇迹它真的拥有颜色那一定是中国红多少次的荣辱与共肝胆相照浴血奋战的弟兄还在他乡等我天堂等我的人有很多我以逸待劳于山间大佐少佐到跟前枪林弹雨刀光现送去阎罗殿英雄一怒为红颜红颜换回平安县儿女情长搁一边来世再相见他明知是死也必须得亮出宝剑没有这个勇气就别当剑客倒在对手的剑侠 不丢人那叫虽败犹荣无论风云的变迁铭记历史于心间居安思危勤思辨方得始终现我泱泱华夏五千年继续开来新诗篇中华盛世在眼前终如你所愿,,,,,,,,
403,12.13，给我推这个，小破站nb！,,,,,,,,
802,"向喜欢李云龙的小伙伴推荐一波<img class=""jump-img"" src=""https://i0.hdslb.com/bfs/activity-plat/static/20201110/4c8b2dbaded282e67c9a31daa4297c3c/AeQJlYP7e.png""/><a class=""comment-jump-url"" data-report=""0"" href=""//www.bilibili.com/video/av45620827"" target=""_blank"">【李云龙】宿敌（全程高燃）</a><img alt=""[狐妖_吃我安利]"" src=""//i0.hdslb.com/bfs/emote/3a0bf7d0320a84002ea8b4907e6c3baa97ec0dd0.png@100w_100h.webp""/>",,,,,,,,
424,下山！鲜鲜NB(￣3￣),,,,,,,,
290,我李云龙不仅要《出山》，还要《下山》！,,,,,,,,
270,押韵狂魔（abnb）,,,,,,,,
258,今天刚去了毛主席纪念堂祭奠了毛主席，去了中国人民革命军事博物馆参观，见到了祖国遭受的欺辱，也见到了不屈的中华儿女的抗争，同样见到了人民军队的日益强大，回到家刚好点开了UP主的视频，内心感慨万千，文笔不好，无法写出内心的激动，勿忘国耻，居安思危，在这里祝祖国母亲繁荣昌盛，越来越好。,,,,,,,,
120,整挺好 三连了,,,,,,,,
118,时间又匆匆过了十年，公元1978年。在李云龙将军恢复名誉、平反昭雪的大会上，在大会将要结束人们即将散去时，从门外匆匆赶来三个头发已经花白的老者，他们都穿着便衣，腰板挺直，动作敏捷，与会的人们一眼就能看出，他们曾是职业军人。这三位老者刚刚走进会场，猛地看见李云龙将军的遗像。他们突然像遭到雷击般地僵住了，顷刻间三人跌跌撞撞地扑倒在遗像前，为出一声凄厉的喊声：“老首长，我的老首长啊，我们来看你啦……”说罢泪飞如雨，三人都发出一阵撕心裂肺的号陶，久久的、不间断的痛哭声使在场的人们无不为之动容……他们离去时留下一束鲜花，在花束的红丝带上没有任何署名，只别着一颗金星，由于年深日久，金星的镀金层已经氧化褪色，变得暗淡无光。与会的大部分人都不识此为何物。只有几个退役离休的老军人一睹此物，都不禁老泪纵横，烯嘘不已，老人们告诉年轻人，这是1955年解放军授衔时代表将军军衔的将星……又过了二十年，这个城市有了很大的变化。在临海滨的一座哥特式小楼前，来了一群中年男女军人，他们按响了门铃。小楼的主人是个来大陆投资的台湾商人，他曾在军中服役过，认得军衔，他发现这些军人的军衔都不低，其中有一个少将，其余都是大校、上校。军人们很有礼貌地提出请求说，他们曾经在这座小楼里度过了童年；今天是特地从四面八方赶来故地重游，不知主人能否满足他们的请求。商人是个好客的人，既然是此楼的前住户，当然有权利参观一下故居，这和他也是一种缘分，更何况这些人都是一些有身份的高级军官。主人热情地领着军人们参观了楼上楼下所有的房间。军人们又提出能否去后院看看。主人说当然可以，他把客人领到后院时，客厅里的电话铃响了，主人抱歉地请客人随意参观，自己匆匆去接电话。电话是有关合资项目的事，主人谈的时间稍稍长了些，当他放下电话匆匆赶到后院时，不由被眼前情景惊呆了，这些穿着笔挺的毛料军服的军官竟齐崭崭地跪在院墙前，抚摸着墙面的点点斑痕，正哭得像一群孩子……商人静静地站在那里，没有打扰这些正在痛哭的军官。他知道军人一般是不喜欢流泪的，看来这座小楼里可能发生过一些令人辛酸的故事……,,,,,,,,
79,暂取逆来顺从之态度，以待国联公理之判决。,,,,,,,,
70,下山！鲜鲜NB,,,,,,,,
42,亮剑！！！,,,,,,,,
50,"<a data-usercard-mid=""20165629"" href=""//space.bilibili.com/20165629"" target=""_blank"">@共青团中央 </a>",,,,,,,,
38,"这是要不要买菜与李云龙共同创作的《下山》的另一个版本，当时由于两首歌的热度旗鼓相当，但却因为版权问题出现分歧，李云龙为了不为难要不要买菜而删除了这首歌曲以及这个MV，现在我在up主这里又能看到这段视频，还是一如既往的热血沸腾啊！非常感动，谢谢AB鲜up主，辛苦了嗷！<img alt=""[支持]"" class=""small"" src=""//i0.hdslb.com/bfs/emote/3c210366a5585706c09d4c686a9d942b39feeb50.png@100w_100h.webp""/>",,,,,,,,
46,我特好奇有没有女生喜欢这种,,,,,,,,
25,老味道，喜欢。这种传统的鬼畜视频越来越少了，必须点赞。 不知道是我变了，还是鬼畜区变了，感觉现在的新鬼畜一点没意思。而且鬼畜区，也几乎很少有上热门的视频了。,,,,,,,,
21,勿忘国耻,,,,,,,,
16,我有一壶酒，足以慰风尘。千杯不解饮，万杯苦沉沦。埋骨厚国土，肝胆两昆仑。疏狂君莫笑，赤子中国人。,,,,,,,,
14,迟早在B站鬼畜看完亮剑,,,,,,,,
17,先人可念，未来可期,,,,,,,,
11,2020年12月13日，国家公祭日，前来缅怀,,,,,,,,
9,七月七日    卢沟枪声留给中华儿女难忍受的痛满嘴仁义道德大东亚共荣菊花掩盖着刀锋最好的防守是进攻心中信念狭路相逢勇者胜纵使马革裹尸  万死不辞的人叫云龙我战场逢敌必亮剑一炮击溃坂田联土工榴弹杀手锏山崎作祭奠我中华男儿莫等闲一身肝胆薄云天荡寇杀敌我心愿旧中国再见身陷重围也要进攻视死如归 发起最后的冲锋如果奇迹它真的拥有颜色那一定是中国红多少次的荣辱与共肝胆相照浴血奋战的兄弟还在他乡等我 天堂等我的人有很多我以逸待劳于山间少将大佐到眼前枪林弹雨刀光现送去阎罗殿英雄一怒为红颜红颜换回平安县儿女情长搁一边来世再相见无论风云的变迁铭记历史于心间居安思危勤思辨方得始终现我泱泱华夏五千年继往开来新诗篇中华盛世在眼前终如您所愿,,,,,,,,
11,"投币三连了<img alt=""[滑稽]"" class=""small"" src=""//i0.hdslb.com/bfs/emote/d15121545a99ac46774f1f4465b895fe2d1411c3.png@100w_100h.webp""/>",,,,,,,,
11,做的真棒！吾辈当自强,,,,,,,,
8,有条弹幕说得好 勿忘国耻不是叫你去骂外国而是想让你更有出息,,,,,,,,
8,"厉害了up顺便说一句，我记得二十世纪后，发生巨大社会变革的国家还能硬起来的除了中国好像就没了<img alt=""[打call]"" class=""small"" src=""//i0.hdslb.com/bfs/emote/431432c43da3ee5aab5b0e4f8931953e649e9975.png@100w_100h.webp""/>",,,,,,,,
10,恭喜你上鬼畜区首页推广栏了,,,,,,,,
7,老子要按耐不住热血了，小破站牛逼,,,,,,,,
9,目测要火,,,,,,,,
6,每一个up走来都有他们的难处，而我们慰劳他们的就是长按那个大拇指，然后关注这个up，这是对每个up最大的鼓励,,,,,,,,
5,"骑兵连，出击！！！<img alt=""[大哭]"" class=""small"" src=""//i0.hdslb.com/bfs/emote/2caafee2e5db4db72104650d87810cc2c123fc86.png@100w_100h.webp""/><img alt=""[大哭]"" class=""small"" src=""//i0.hdslb.com/bfs/emote/2caafee2e5db4db72104650d87810cc2c123fc86.png@100w_100h.webp""/><img alt=""[大哭]"" class=""small"" src=""//i0.hdslb.com/bfs/emote/2caafee2e5db4db72104650d87810cc2c123fc86.png@100w_100h.webp""/>",,,,,,,,
4,勿忘国耻，砥砺前行。国家公祭日纪念南京大屠杀300000同胞。填词/扒谱/调音/混音/剪辑/封面：AB鲜感谢@暴力贝的音源感谢@冷瓜总是那么智障、@怠惰的一休、@冷颜菌的调音指导感谢@卦者那啥子靈風的伴奏支持BGM：下山,,,,,,,,
4,这不比什么爱国神剧，抗日奇侠爱国？,,,,,,,,
4,纯路人，以前一直听同学说b站很好，今天下载来看了看，没想到刚一进入就发现了这个up的视频，这个up的视频质量是我从没见过的高，这个up是我从没见过的帅。没想到，在当今这个浮躁的社会，竟然还能有人沉下心来生产出一个个质量如此高的视频真的非常希望大家都给这个up主三连（,,,,,,,,
4,"代我老夫下山之时，更是世界太平之日<img alt=""[doge]"" class=""small"" src=""//i0.hdslb.com/bfs/emote/bba7c12aa51fed0199c241465560dfc2714c593e.png@100w_100h.webp""/>",,,,,,,,
4,这活真的不错，这样的up不关注不行了。别拦着我。,,,,,,,,
4,虽然电视剧已经很好了，但是小说也很有感触，尤其是最后的结局，我就不剧透了,,,,,,,,
4,"百万调音 ，千万填词<img alt=""[点赞]"" class=""small"" src=""//i0.hdslb.com/bfs/emote/1a67265993913f4c35d15a6028a30724e83e7d35.png@100w_100h.webp""/>",,,,,,,,
4,来了来了,,,,,,,,
3,"100万了！！！<img alt=""[鸡腿]"" class=""small"" src=""//i0.hdslb.com/bfs/emote/c7860392815d345fa69c4f00ef18d67dccfbd574.png@100w_100h.webp""/>",,,,,,,,
3,"小日本用了八年才逃出中国<img alt=""[滑稽]"" class=""small"" src=""//i0.hdslb.com/bfs/emote/d15121545a99ac46774f1f4465b895fe2d1411c3.png@100w_100h.webp""/>",,,,,,,,
3,"我看到视频中的AB鲜了<img alt=""[doge]"" class=""small"" src=""//i0.hdslb.com/bfs/emote/bba7c12aa51fed0199c241465560dfc2714c593e.png@100w_100h.webp""/><img alt=""[doge]"" class=""small"" src=""//i0.hdslb.com/bfs/emote/bba7c12aa51fed0199c241465560dfc2714c593e.png@100w_100h.webp""/><img alt=""[doge]"" class=""small"" src=""//i0.hdslb.com/bfs/emote/bba7c12aa51fed0199c241465560dfc2714c593e.png@100w_100h.webp""/>",,,,,,,,
3,"菊花掩藏着刀锋，应该指的是日本国花，象征着和平，虚伪的和平下掩藏着刀锋<img alt=""[大哭]"" class=""small"" src=""//i0.hdslb.com/bfs/emote/2caafee2e5db4db72104650d87810cc2c123fc86.png@100w_100h.webp""/>",,,,,,,,
3,"我把这首歌推荐给了我爸，然后他每天无限洗脑循环。<img alt=""[偷笑]"" class=""small"" src=""//i0.hdslb.com/bfs/emote/6c49d226e76c42cd8002abc47b3112bc5a92f66a.png@100w_100h.webp""/><img alt=""[偷笑]"" class=""small"" src=""//i0.hdslb.com/bfs/emote/6c49d226e76c42cd8002abc47b3112bc5a92f66a.png@100w_100h.webp""/><img alt=""[偷笑]"" class=""small"" src=""//i0.hdslb.com/bfs/emote/6c49d226e76c42cd8002abc47b3112bc5a92f66a.png@100w_100h.webp""/>",,,,,,,,
3,每次看见你写的词，心里特别感动，写的特别好，激动的都想哭。,,,,,,,,
3,真好!怎么说呢，本来我最近听“下山”听得就很多，但是一看到UP主的视频，大晚上的瞬间就精神了。这词配这曲简直绝了!最最关键的是，这词跟实际情况配合得也是严谨到位，整体观看来一点也不令人迷惑!给∪P主点赞（｡ò ∀ ó｡）,,,,,,,,
3,说实话，这个歌我都听吐了，但是看到的了云龙兄，还是点了进来。,,,,,,,,
3,就怕鬼畜动了情,,,,,,,,
3,前两天刚读完原著，看到这个视频莫名心酸,,,,,,,,
3,空一座城等三十万亡魂,,,,,,,,
3,人才,,,,,,,,
3,牛逼牛逼,,,,,,,,
3,希望能出一个音频版的，这样更方便反复听,,,,,,,,
3,UP鬼才啊……,,,,,,,,
3,伤痕可以忘记，历史不容否认,,,,,,,,
3,感谢你们,,,,,,,,
3,"UP主觉得很赞<img alt=""[微笑]"" class=""small"" src=""//i0.hdslb.com/bfs/emote/685612eadc33f6bc233776c6241813385844f182.png@100w_100h.webp""/>",,,,,,,,
3,百万填词,,,,,,,,
3,大佬,,,,,,,,
3,很应景,,,,,,,,
2,小破站nb,,,,,,,,
2,"<img alt=""[热词系列_可以]"" src=""//i0.hdslb.com/bfs/emote/e08543c71202b36c590094417fcfbb80c3506cd8.png@100w_100h.webp""/><img alt=""[热词系列_三连]"" src=""//i0.hdslb.com/bfs/emote/21f15fe11b7a84d2f2121c16dec50a4e4556f865.png@100w_100h.webp""/><img alt=""[热词系列_三连]"" src=""//i0.hdslb.com/bfs/emote/21f15fe11b7a84d2f2121c16dec50a4e4556f865.png@100w_100h.webp""/>",,,,,,,,
2,最近去看了八佰就像视频里说的如果奇迹真有颜色，那一定是中国红,,,,,,,,
2,"将军一怒为红颜，红颜换回平安县<img alt=""[大哭]"" class=""small"" src=""//i0.hdslb.com/bfs/emote/2caafee2e5db4db72104650d87810cc2c123fc86.png@100w_100h.webp""/>。旧中国再见。<img alt=""[支持]"" class=""small"" src=""//i0.hdslb.com/bfs/emote/3c210366a5585706c09d4c686a9d942b39feeb50.png@100w_100h.webp""/>",,,,,,,,
2,"华夏青史五千年，岂容浙作践、<img alt=""[doge]"" class=""small"" src=""//i0.hdslb.com/bfs/emote/bba7c12aa51fed0199c241465560dfc2714c593e.png@100w_100h.webp""/><img alt=""[热词系列_害怕]"" src=""//i0.hdslb.com/bfs/emote/d77e2de26da143249f0c0ad7a608c27152c985bf.png@100w_100h.webp""/><img alt=""[热词系列_保护]"" src=""//i0.hdslb.com/bfs/emote/55f8f6445ca7c3170cdfc5b16036abf639ce9b57.png@100w_100h.webp""/>",,,,,,,,
2,100万冲呀！！！,,,,,,,,
2,有意思的up主。,,,,,,,,
2,每一个老兵的心里都有故事，为什么他们不愿提起自己的光荣战绩？因为胜利是用他们的亲人们兄弟们的血肉之躯打来的！,,,,,,,,
2,我想为什么是中国红，因为血的颜色是红色的,,,,,,,,
2,五连＝2硬币+点赞+收藏+关注+转发,,,,,,,,
2,"up主鬼才，武汉加油中国加油<img alt=""[加油武汉]"" class=""small"" src=""//i0.hdslb.com/bfs/emote/eb966aaa5b690d3f9308a9f936f5b5a72a7f956b.png@100w_100h.webp""/><img alt=""[加油武汉]"" class=""small"" src=""//i0.hdslb.com/bfs/emote/eb966aaa5b690d3f9308a9f936f5b5a72a7f956b.png@100w_100h.webp""/>",,,,,,,,
2,狭路相逢勇者胜，逢敌必亮剑。,,,,,,,,
2,怎么还有另一声音?,,,,,,,,
2,vv,,,,,,,,
2,看着看着泪目了。,,,,,,,,
2,知道你们兴奋，但是麻烦不要发下端弹幕行吗？你以为你很突出吗？遮字幕只会让人感到厌烦,,,,,,,,
2,加油💪,,,,,,,,
2,对这个站好感转为佩服，这不比抖音快手的有灵魂？,,,,,,,,
2,"不忘初心，牢记使命，不忘前人心酸，我辈当自强。<img alt=""[打call]"" class=""small"" src=""//i0.hdslb.com/bfs/emote/431432c43da3ee5aab5b0e4f8931953e649e9975.png@100w_100h.webp""/><img alt=""[打call]"" class=""small"" src=""//i0.hdslb.com/bfs/emote/431432c43da3ee5aab5b0e4f8931953e649e9975.png@100w_100h.webp""/><img alt=""[打call]"" class=""small"" src=""//i0.hdslb.com/bfs/emote/431432c43da3ee5aab5b0e4f8931953e649e9975.png@100w_100h.webp""/>",,,,,,,,
2,亮剑！！,,,,,,,,
2,"<img alt=""[点赞]"" class=""small"" src=""//i0.hdslb.com/bfs/emote/1a67265993913f4c35d15a6028a30724e83e7d35.png@100w_100h.webp""/>",,,,,,,,
2,个人觉得将台词里小声的师傅改成亮剑可能会跟好点,,,,,,,,
2,白嫖失败,,,,,,,,
2,"<img alt=""[热词系列_吹爆]"" src=""//i0.hdslb.com/bfs/emote/c2dd3e17b5edeb6b018ef61e3d39a283b4a647b8.png@100w_100h.webp""/><img alt=""[热词系列_三连]"" src=""//i0.hdslb.com/bfs/emote/21f15fe11b7a84d2f2121c16dec50a4e4556f865.png@100w_100h.webp""/><img alt=""[热词系列_高产]"" src=""//i0.hdslb.com/bfs/emote/9db817cba4a7f4a42398f3b2ec7c0a8e0c247c42.png@100w_100h.webp""/><img alt=""[热词系列_打卡]"" src=""//i0.hdslb.com/bfs/emote/a9cf77c78e1b9b40aa3ed4862402fba008ee2f51.png@100w_100h.webp""/>",,,,,,,,
2,楚云飞:云龙兄唱得好！但那一个营的装备你看什么时候....,,,,,,,,
2,#勿忘国耻#,,,,,,,,
2,"期末考试现当代文学最后一题是赏析《亮剑》中李云龙和赵刚的一段。。。不说了怕老师逛b站的时候看见<img alt=""[呆]"" class=""small"" src=""//i0.hdslb.com/bfs/emote/33ad6000d9f9f168a0976bc60937786f239e5d8c.png@100w_100h.webp""/>",,,,,,,,
2,"三连<img alt=""[doge]"" class=""small"" src=""//i0.hdslb.com/bfs/emote/bba7c12aa51fed0199c241465560dfc2714c593e.png@100w_100h.webp""/><img alt=""[doge]"" class=""small"" src=""//i0.hdslb.com/bfs/emote/bba7c12aa51fed0199c241465560dfc2714c593e.png@100w_100h.webp""/>",,,,,,,,
2,"今天才推我呜呜，up真的是宝藏<img alt=""[委屈]"" class=""small"" src=""//i0.hdslb.com/bfs/emote/d2f26cbdd6c96960320af03f5514c5b524990840.png@100w_100h.webp""/><img alt=""[大哭]"" class=""small"" src=""//i0.hdslb.com/bfs/emote/2caafee2e5db4db72104650d87810cc2c123fc86.png@100w_100h.webp""/>",,,,,,,,
2,世界上有且只有一个中国,,,,,,,,
2,"不对啊，我记得上次来看的时候已经到一百多万的播放量了，怎么一下子变回六十多万了。<img alt=""[doge]"" class=""small"" src=""//i0.hdslb.com/bfs/emote/bba7c12aa51fed0199c241465560dfc2714c593e.png@100w_100h.webp""/><img alt=""[支持]"" class=""small"" src=""//i0.hdslb.com/bfs/emote/3c210366a5585706c09d4c686a9d942b39feeb50.png@100w_100h.webp""/>",,,,,,,,
2,太平本是将军定，不见将军享太平,,,,,,,,
2,妙啊妙啊,,,,,,,,
2,"我左手一式太极拳，右手一剑亮身前，扫腿这招叫清雪，老师傅再见<img alt=""[响指]"" class=""small"" src=""//i0.hdslb.com/bfs/emote/1b5c53cf14336903e1d2ae3527ca380a1256a077.png@100w_100h.webp""/>",,,,,,,,
2,"纯新人，刚来B站，这就是鬼畜吗？爱了爱了！<img alt=""[doge]"" class=""small"" src=""//i0.hdslb.com/bfs/emote/bba7c12aa51fed0199c241465560dfc2714c593e.png@100w_100h.webp""/>",,,,,,,,
2,"突然喜欢上了UP主<img alt=""[大笑]"" class=""small"" src=""//i0.hdslb.com/bfs/emote/ca94ad1c7e6dac895eb5b33b7836b634c614d1c0.png@100w_100h.webp""/><img alt=""[大笑]"" class=""small"" src=""//i0.hdslb.com/bfs/emote/ca94ad1c7e6dac895eb5b33b7836b634c614d1c0.png@100w_100h.webp""/><img alt=""[吃瓜]"" class=""small"" src=""//i0.hdslb.com/bfs/emote/4191ce3c44c2b3df8fd97c33f85d3ab15f4f3c84.png@100w_100h.webp""/>",,,,,,,,
2,"噗哈哈哈，为啥我剪的《下山》没人看<img alt=""[大哭]"" class=""small"" src=""//i0.hdslb.com/bfs/emote/2caafee2e5db4db72104650d87810cc2c123fc86.png@100w_100h.webp""/><img alt=""[大哭]"" class=""small"" src=""//i0.hdslb.com/bfs/emote/2caafee2e5db4db72104650d87810cc2c123fc86.png@100w_100h.webp""/>",,,,,,,,
2,眾人只看他李雲龍生的壯烈一生為國殺敵無數，無人問他死的淒涼不認亮劍唯有對岸宿敵為他鳴哀歌,,,,,,,,
2,这填词可比原曲格调高多了呀,,,,,,,,
2,屌啊！,,,,,,,,
2,百万填词,,,,,,,,
2,很喜欢，加油三联给你,,,,,,,,
2,杜绝白嫖，从我做起,,,,,,,,
2,如果奇迹它真的拥有颜色 那一定是中国红,,,,,,,,
2,Emmmm,,,,,,,,
2,"看着看着就哭了<img alt=""[大哭]"" class=""small"" src=""//i0.hdslb.com/bfs/emote/2caafee2e5db4db72104650d87810cc2c123fc86.png@100w_100h.webp""/><img alt=""[大哭]"" class=""small"" src=""//i0.hdslb.com/bfs/emote/2caafee2e5db4db72104650d87810cc2c123fc86.png@100w_100h.webp""/><img alt=""[大哭]"" class=""small"" src=""//i0.hdslb.com/bfs/emote/2caafee2e5db4db72104650d87810cc2c123fc86.png@100w_100h.webp""/>",,,,,,,,
2,这盛世如您所愿,,,,,,,,
2,点赞 收藏 投币  关注 （举报）一条龙哦,,,,,,,,
2,不想说什么了，中国流弊,,,,,,,,
2,"这段视频拍摄于……啊，不好意思，走错片场了<img alt=""[doge]"" class=""small"" src=""//i0.hdslb.com/bfs/emote/bba7c12aa51fed0199c241465560dfc2714c593e.png@100w_100h.webp""/>",,,,,,,,
2,我要！这三连有何用？！,,,,,,,,
2,"为中华崛起而读书，我总想我死了以后如果真去了天上，肯定有一群种花家的兔子来接我，问我咱家怎样了？大家还好吗？<img alt=""[大哭]"" class=""small"" src=""//i0.hdslb.com/bfs/emote/2caafee2e5db4db72104650d87810cc2c123fc86.png@100w_100h.webp""/>",,,,,,,,
2,这词也太好了!,,,,,,,,
2,现在一看见李云龙就想到桥本环奈,,,,,,,,
2,开炮,,,,,,,,
2,粉了,,,,,,,,
2,新年快乐！,,,,,,,,
2,"回复 <a data-usercard-mid=""28467095"" href=""//space.bilibili.com/28467095"" target=""_blank"">@宇智波爱川 </a> :👴🏻不仅有炫彩👴🏻👴🏼👴🏽👴🏾👴🏿👴，还有会员不秃顶限定👨🏻‍🦳，圣诞节限定🎅🏻，职业限定🦹🏻‍♂️🕵🏼‍♂️👨🏼‍⚕️👨🏼‍🌾👨🏼‍🍳👨🏼‍💼👨🏼‍🔧👨🏼‍🔬👨🏼‍🎨👨🏼‍🚒👨🏼‍✈️👨🏼‍⚖️，特别定制青年节版本🧔🏼，情人节限定🤵🏼，万圣节限定🧙🏻‍♂️，七夕节限定🧖🏼‍♂️，劳动节限定👨🏼‍🌾，911限定👮🏼‍♂️，教师节特供👨🏼‍🏫，NASA定制太空爷👨🏼‍🚀，爷这么多皮肤都妹好意思拿出来秀，宁一个刚领的万圣免费就隔这装起来了，给👴🏻👨🏻‍🦳🎅🏻🦹🏻‍♂️🕵🏼‍♂️👨🏼‍⚕️👨🏼‍🌾👨🏼‍🍳👨🏼‍💼👨🏼‍🔧👨🏼‍🔬👨🏼‍🎨👨🏼‍🚒👨🏼‍✈️👨🏼‍⚖️🧔🏼🤵🏼🧙🏻‍♂️🧖🏼‍♂️👨🏼‍🌾👮🏼‍♂️👨🏼‍🏫👨🏼‍🚀爬",,,,,,,,
2,新作文题材get,,,,,,,,
2,这盛世，如你所愿,,,,,,,,
2,小时候看到骑兵连，和尚真的看的心塞……勿忘国耻，有召必回,,,,,,,,
2,"此生无悔看亮剑，来世还入骑兵连<img alt=""[微笑]"" class=""small"" src=""//i0.hdslb.com/bfs/emote/685612eadc33f6bc233776c6241813385844f182.png@100w_100h.webp""/><img alt=""[微笑]"" class=""small"" src=""//i0.hdslb.com/bfs/emote/685612eadc33f6bc233776c6241813385844f182.png@100w_100h.webp""/>",,,,,,,,
2,"三连了<img alt=""[滑稽]"" class=""small"" src=""//i0.hdslb.com/bfs/emote/d15121545a99ac46774f1f4465b895fe2d1411c3.png@100w_100h.webp""/><img alt=""[滑稽]"" class=""small"" src=""//i0.hdslb.com/bfs/emote/d15121545a99ac46774f1f4465b895fe2d1411c3.png@100w_100h.webp""/><img alt=""[滑稽]"" class=""small"" src=""//i0.hdslb.com/bfs/emote/d15121545a99ac46774f1f4465b895fe2d1411c3.png@100w_100h.webp""/><img alt=""[滑稽]"" class=""small"" src=""//i0.hdslb.com/bfs/emote/d15121545a99ac46774f1f4465b895fe2d1411c3.png@100w_100h.webp""/>",,,,,,,,
2,就怕鬼畜有文化 英雄一怒为红颜，红颜换回平安县。儿女情长搁一边，来世再相见。儿女情，且抛却，瀚海志，只今决。男儿仗剑行千里，千里一路斩胡羯。他明知是死，也必须亮出宝剑。没有这个勇气，就别当剑客。倒在对手的剑下，不丢人那叫虽败犹荣。生若为男即杀人，不教男躯裹女心。男儿从来不恤身，纵死敌手笑相承。   亮剑精神,,,,,,,,
2,"团长<img alt=""[大哭]"" class=""small"" src=""//i0.hdslb.com/bfs/emote/2caafee2e5db4db72104650d87810cc2c123fc86.png@100w_100h.webp""/>",,,,,,,,
2,太难了,,,,,,,,
2,终于五级了。。。,,,,,,,,
2,最怕鬼畜有感情,,,,,,,,
2,盛世因你们的奉献而来,,,,,,,,
2,"整挺好,总统很喜欢<img alt=""[doge]"" class=""small"" src=""//i0.hdslb.com/bfs/emote/bba7c12aa51fed0199c241465560dfc2714c593e.png@100w_100h.webp""/>",,,,,,,,
2,今年十一月二十八号，国安部最后一个红军战士孙彪爷爷逝世。,,,,,,,,
2,"好听到哭~<img alt=""[小A和小B_应援]"" src=""//i0.hdslb.com/bfs/emote/af8f017e383a1999e26a7f91c3ec3c83fbb7ba77.png@100w_100h.webp""/><img alt=""[小A和小B_撒花]"" src=""//i0.hdslb.com/bfs/emote/874d2c39a0ca891abce5e65fafc287e0c2d3bbea.png@100w_100h.webp""/>",,,,,,,,
2,亮剑，删减，幸看，👴感动,,,,,,,,
2,第1次看见你是4级。我也是4级。第2次看到你还是4级。我已经5级了。【战双帕弥什_托腮】,,,,,,,,
2,这盛世，如您所愿！,,,,,,,,
2,一流的填词一流的调音  厉害厉害,,,,,,,,
2,我们都知道，团长，政委一路走好,,,,,,,,
2,必须他妈的投币必须投币,,,,,,,,
2,就知道拿亮剑欺负我，辛苦攒的币只能给你了,,,,,,,,
2,三连不多bb,,,,,,,,
2,"剑锋所指   所向披靡<img alt=""[打call]"" class=""small"" src=""//i0.hdslb.com/bfs/emote/431432c43da3ee5aab5b0e4f8931953e649e9975.png@100w_100h.webp""/>",,,,,,,,
2,云龙兄云飞在此(=・ω・=),,,,,,,,
2,技术活，该赏！,,,,,,,,
2,英雄一怒为红颜红颜换回平安县亮剑无疑是抗战片的巅峰之作即使是其中描述并不多的爱情，依然写的无比的生动，这才是乱世的爱情，这才是我想看到的儿女情长，家国大义。,,,,,,,,
2,山东舰，出击！,,,,,,,,
2,就冲这填词，三连不给你都不好意思了,,,,,,,,
2,"到此一游<img alt=""[滑稽]"" class=""small"" src=""//i0.hdslb.com/bfs/emote/d15121545a99ac46774f1f4465b895fe2d1411c3.png@100w_100h.webp""/>",,,,,,,,
2,写的忒好了！,,,,,,,,
2,"亿万填词<img alt=""[doge]"" class=""small"" src=""//i0.hdslb.com/bfs/emote/bba7c12aa51fed0199c241465560dfc2714c593e.png@100w_100h.webp""/>",,,,,,,,
2,"我又回来了为什么还不火！！！！！这个必须火呀<img alt=""[爱心]"" class=""small"" src=""//i0.hdslb.com/bfs/emote/ed04066ea7124106d17ffcaf75600700e5442f5c.png@100w_100h.webp""/>",,,,,,,,
2,"我默默地给视频投了两枚硬币，我看到剩余硬币从1000到998，强迫症导致我心里很不是滋味。但又一想到up得到我两枚硬币后兴奋跑回家的样子，炒两道拿手小菜;倒一杯散装白酒，兴奋的告诉妻子得到了观众的认可;妻子也打电话给父母，流着泪说自己当初的选择没有错。想到这里我竟漏出了欣慰的笑容。哎~有钱人的生活就是这样朴实而枯操<img alt=""[doge]"" class=""small"" src=""//i0.hdslb.com/bfs/emote/bba7c12aa51fed0199c241465560dfc2714c593e.png@100w_100h.webp""/>",,,,,,,,
2,出山入山上山下山移山造山,,,,,,,,
2,每天忍不住听几遍系列,,,,,,,,
2,整的这活挺好的，从鬼畜频道精选来的,,,,,,,,
2,"好活，当三连<img alt=""[打call]"" class=""small"" src=""//i0.hdslb.com/bfs/emote/431432c43da3ee5aab5b0e4f8931953e649e9975.png@100w_100h.webp""/>",,,,,,,,
2,好！（￣▽￣）,,,,,,,,
2,虽然是女生，也感动得不要不要的。,,,,,,,,
2,出山，下山，移山，进山，上山，后面三个预计将在未来几年出版，,,,,,,,,
2,"到我收藏夹里去吃灰吧！<img alt=""[画风突变]"" class=""small"" src=""//i0.hdslb.com/bfs/emote/ba4de7a3f97644038b15195bdc9f82a8fd118e77.png@100w_100h.webp""/>",,,,,,,,
2,"说实话看到那个好多手榴弹丢出去的场景，我想到了……不说了，我被那只鸡污染了<img alt=""[捂脸]"" class=""small"" src=""//i0.hdslb.com/bfs/emote/6921bb43f0c634870b92f4a8ad41dada94a5296d.png@100w_100h.webp""/>",,,,,,,,
2,我要这硬币何用？,,,,,,,,
2,up太nb了,,,,,,,,
2,听了三四遍，心中的滋味真的无法形容，老一代人真的太强了也太苦了,,,,,,,,
2,谢谢你。,,,,,,,,
2,出山完了是下山，下次是不是上山？,,,,,,,,
2,去年出山，今年下山，明年我李云龙炸山！奥利给！干他兄弟们！,,,,,,,,
2,如果奇迹有颜色的话，那一定是中国红,,,,,,,,
2,索隆：就算对手是天下第一的剑客，明知不敌也要亮出自己的宝剑，就算倒在对手的剑下也虽败犹荣，这就是亮剑精神。,,,,,,,,
2,英雄一怒为红颜，红颜换回平安县,,,,,,,,
2,"会火的<img alt=""[doge]"" class=""small"" src=""//i0.hdslb.com/bfs/emote/bba7c12aa51fed0199c241465560dfc2714c593e.png@100w_100h.webp""/><img alt=""[doge]"" class=""small"" src=""//i0.hdslb.com/bfs/emote/bba7c12aa51fed0199c241465560dfc2714c593e.png@100w_100h.webp""/>",,,,,,,,
2,歌词真心好,,,,,,,,
2,勿忘国耻！振兴中华！,,,,,,,,
2,"三连就想让up主觉得很赞<img alt=""[阴险]"" class=""small"" src=""//i0.hdslb.com/bfs/emote/ba8d5f8e7d136d59aab52c40fd3b8a43419eb03c.png@100w_100h.webp""/>",,,,,,,,
2,"如果奇迹有颜色，那一定是中国红<img alt=""[打call]"" class=""small"" src=""//i0.hdslb.com/bfs/emote/431432c43da3ee5aab5b0e4f8931953e649e9975.png@100w_100h.webp""/>",,,,,,,,
2,"去年有个出山今年又来个下山<img alt=""[捂脸]"" class=""small"" src=""//i0.hdslb.com/bfs/emote/6921bb43f0c634870b92f4a8ad41dada94a5296d.png@100w_100h.webp""/>",,,,,,,,
2,火前留名,,,,,,,,
2,upup，片头那几秒是什么歌啊，蛮喜欢的（捂脸）,,,,,,,,
2,我们不伤害任何人，但是夺走我们家园的人绝不原谅,,,,,,,,
2,李云龙可惜了，最后自杀了。,,,,,,,,
2,你币有了,,,,,,,,
2,这首歌我就不听了啊！点赞和投币已经留下了。愿我们有缘再见,,,,,,,,
2,太棒了。・゜・(ノД`)・゜・。,,,,,,,,
2,"<img alt=""[2233娘_吐魂]"" src=""//i0.hdslb.com/bfs/emote/e999af499edf38a91ca68b1a9d2f97042c1d6734.png@100w_100h.webp""/>",,,,,,,,
2,一开口就知道，老八路了,,,,,,,,
2,改来的还是来了,,,,,,,,
2,"ab牛批<img alt=""[害羞]"" class=""small"" src=""//i0.hdslb.com/bfs/emote/9d2ec4e1fbd6cb1b4d12d2bbbdd124ccb83ddfda.png@100w_100h.webp""/>",,,,,,,,
2,好词,,,,,,,,
2,UP流啤  已三连,,,,,,,,
2,开口投币,,,,,,,,
2,好看不火,,,,,,,,
2,"AB，我三连了，能不能mua我一下<img alt=""[滑稽]"" class=""small"" src=""//i0.hdslb.com/bfs/emote/d15121545a99ac46774f1f4465b895fe2d1411c3.png@100w_100h.webp""/><img alt=""[滑稽]"" class=""small"" src=""//i0.hdslb.com/bfs/emote/d15121545a99ac46774f1f4465b895fe2d1411c3.png@100w_100h.webp""/><img alt=""[滑稽]"" class=""small"" src=""//i0.hdslb.com/bfs/emote/d15121545a99ac46774f1f4465b895fe2d1411c3.png@100w_100h.webp""/>",,,,,,,,
2,"白嫖真好<img alt=""[偷笑]"" class=""small"" src=""//i0.hdslb.com/bfs/emote/6c49d226e76c42cd8002abc47b3112bc5a92f66a.png@100w_100h.webp""/><img alt=""[偷笑]"" class=""small"" src=""//i0.hdslb.com/bfs/emote/6c49d226e76c42cd8002abc47b3112bc5a92f66a.png@100w_100h.webp""/><img alt=""[偷笑]"" class=""small"" src=""//i0.hdslb.com/bfs/emote/6c49d226e76c42cd8002abc47b3112bc5a92f66a.png@100w_100h.webp""/>",,,,,,,,
2,火钳刘明,,,,,,,,
2,"已三连<img alt=""[支持]"" class=""small"" src=""//i0.hdslb.com/bfs/emote/3c210366a5585706c09d4c686a9d942b39feeb50.png@100w_100h.webp""/><img alt=""[支持]"" class=""small"" src=""//i0.hdslb.com/bfs/emote/3c210366a5585706c09d4c686a9d942b39feeb50.png@100w_100h.webp""/><img alt=""[支持]"" class=""small"" src=""//i0.hdslb.com/bfs/emote/3c210366a5585706c09d4c686a9d942b39feeb50.png@100w_100h.webp""/>",,,,,,,,
2,逢敌必亮剑,,,,,,,,
2,红巾翠袖，揾英雄泪,,,,,,,,
2,"<a data-usercard-mid=""20165629"" href=""//space.bilibili.com/20165629"" target=""_blank"">@共青团中央 </a> 勿忘国耻，中华万岁",,,,,,,,
2,"鲜哥nb，不火我倒立跳影流之主<img alt=""[点赞]"" class=""small"" src=""//i0.hdslb.com/bfs/emote/1a67265993913f4c35d15a6028a30724e83e7d35.png@100w_100h.webp""/>！",,,,,,,,
2,"<a data-usercard-mid=""20165629"" href=""//space.bilibili.com/20165629"" target=""_blank"">@共青团中央 </a>",,,,,,,,
2,久违的精品,,,,,,,,
2,"没别的意思，中国雄起<img alt=""[爱心]"" class=""small"" src=""//i0.hdslb.com/bfs/emote/ed04066ea7124106d17ffcaf75600700e5442f5c.png@100w_100h.webp""/><img alt=""[爱心]"" class=""small"" src=""//i0.hdslb.com/bfs/emote/ed04066ea7124106d17ffcaf75600700e5442f5c.png@100w_100h.webp""/><img alt=""[爱心]"" class=""small"" src=""//i0.hdslb.com/bfs/emote/ed04066ea7124106d17ffcaf75600700e5442f5c.png@100w_100h.webp""/>",,,,,,,,
2,好活,,,,,,,,
2,"我·要这BB有·何用·？？<img alt=""[打call]"" class=""small"" src=""//i0.hdslb.com/bfs/emote/431432c43da3ee5aab5b0e4f8931953e649e9975.png@100w_100h.webp""/><img alt=""[打call]"" class=""small"" src=""//i0.hdslb.com/bfs/emote/431432c43da3ee5aab5b0e4f8931953e649e9975.png@100w_100h.webp""/><img alt=""[打call]"" class=""small"" src=""//i0.hdslb.com/bfs/emote/431432c43da3ee5aab5b0e4f8931953e649e9975.png@100w_100h.webp""/>",,,,,,,,
2,你真是个宝藏up,,,,,,,,
2,必火！,,,,,,,,
2,第一个下山鬼畜，故障,,,,,,,,
2,"不知道李幼斌老师在b站有账号吗？有的话建议<a data-usercard-mid=""6763821"" href=""//space.bilibili.com/6763821"" target=""_blank"">@过来 </a>",,,,,,,,
2,"百万填词<img alt=""[打call]"" class=""small"" src=""//i0.hdslb.com/bfs/emote/431432c43da3ee5aab5b0e4f8931953e649e9975.png@100w_100h.webp""/><img alt=""[打call]"" class=""small"" src=""//i0.hdslb.com/bfs/emote/431432c43da3ee5aab5b0e4f8931953e649e9975.png@100w_100h.webp""/><img alt=""[打call]"" class=""small"" src=""//i0.hdslb.com/bfs/emote/431432c43da3ee5aab5b0e4f8931953e649e9975.png@100w_100h.webp""/><img alt=""[打call]"" class=""small"" src=""//i0.hdslb.com/bfs/emote/431432c43da3ee5aab5b0e4f8931953e649e9975.png@100w_100h.webp""/><img alt=""[打call]"" class=""small"" src=""//i0.hdslb.com/bfs/emote/431432c43da3ee5aab5b0e4f8931953e649e9975.png@100w_100h.webp""/><img alt=""[打call]"" class=""small"" src=""//i0.hdslb.com/bfs/emote/431432c43da3ee5aab5b0e4f8931953e649e9975.png@100w_100h.webp""/><img alt=""[打call]"" class=""small"" src=""//i0.hdslb.com/bfs/emote/431432c43da3ee5aab5b0e4f8931953e649e9975.png@100w_100h.webp""/><img alt=""[打call]"" class=""small"" src=""//i0.hdslb.com/bfs/emote/431432c43da3ee5aab5b0e4f8931953e649e9975.png@100w_100h.webp""/>",,,,,,,,
2,做视频不易，从微博跑来三连🆙你超棒的,,,,,,,,
2,"12.13就该看到这种正能量的<img alt=""[微笑]"" class=""small"" src=""//i0.hdslb.com/bfs/emote/685612eadc33f6bc233776c6241813385844f182.png@100w_100h.webp""/>三连了",,,,,,,,
2,大词作家,,,,,,,,
2,火钳刘明,,,,,,,,
2,就冲开头的BGM先点赞,,,,,,,,
2,勿忘国耻，吾辈自强,,,,,,,,
2,火钳刘明,,,,,,,,
2,"@采紫葳的凌霄子。。。。。意思应该懂<img alt=""[画风突变]"" class=""small"" src=""//i0.hdslb.com/bfs/emote/ba4de7a3f97644038b15195bdc9f82a8fd118e77.png@100w_100h.webp""/>",,,,,,,,
2,火钳刘明,,,,,,,,
2,"火钳刘明 ，先占个座<img alt=""[吃瓜]"" class=""small"" src=""//i0.hdslb.com/bfs/emote/4191ce3c44c2b3df8fd97c33f85d3ab15f4f3c84.png@100w_100h.webp""/>",,,,,,,,
2,中华人民共和国万岁！,,,,,,,,
2,好汀,,,,,,,,
2,"<img alt=""[小电视_赞]"" src=""//i0.hdslb.com/bfs/emote/86ccf6d0b5480169bf80f3582fae09d7ed455c06.png@100w_100h.webp""/><img alt=""[小电视_赞]"" src=""//i0.hdslb.com/bfs/emote/86ccf6d0b5480169bf80f3582fae09d7ed455c06.png@100w_100h.webp""/><img alt=""[小电视_赞]"" src=""//i0.hdslb.com/bfs/emote/86ccf6d0b5480169bf80f3582fae09d7ed455c06.png@100w_100h.webp""/>",,,,,,,,
2,好活,,,,,,,,
2,真棒👍👍👍,,,,,,,,
2,_(:3」∠)_,,,,,,,,
2,(=・ω・=),,,,,,,,
2,下山破贼寇，拔刀枭敌首。我大好山河，岂容贼子污。,,,,,,,,
2,第一~,,,,,,,,
1,我为我是个中国人而自豪,,,,,,,,
1,英雄一怒为红颜，红颜换回平安县……秀芹啊，李云龙他七尺之身已许国难许你但是这一辈子他都忘不了你了,,,,,,,,
1,我泱泱华夏岂惧区区倭奴,,,,,,,,
1,我是第2000个吗？,,,,,,,,
1,"再来一次<img alt=""[笑哭]"" class=""small"" src=""//i0.hdslb.com/bfs/emote/c3043ba94babf824dea03ce500d0e73763bf4f40.png@100w_100h.webp""/>上头",,,,,,,,
1,"一百万恭喜<img alt=""[打call]"" class=""small"" src=""//i0.hdslb.com/bfs/emote/431432c43da3ee5aab5b0e4f8931953e649e9975.png@100w_100h.webp""/><img alt=""[打call]"" class=""small"" src=""//i0.hdslb.com/bfs/emote/431432c43da3ee5aab5b0e4f8931953e649e9975.png@100w_100h.webp""/>",,,,,,,,
1,来百万助攻,,,,,,,,
1,"三营长：还好我这时候没有意大利炮<img class=""jump-img"" src=""https://i0.hdslb.com/bfs/activity-plat/static/20201110/4c8b2dbaded282e67c9a31daa4297c3c/AeQJlYP7e.png""/><a class=""comment-jump-url"" data-report=""1"" href=""//www.bilibili.com/video/BV1Ui4y14796"" target=""_blank"">三营长：还好老子没有拿意大利炮</a>",,,,,,,,
1,"<img alt=""[吃瓜]"" class=""small"" src=""//i0.hdslb.com/bfs/emote/4191ce3c44c2b3df8fd97c33f85d3ab15f4f3c84.png@100w_100h.webp""/>up主辛苦了<img alt=""[吃瓜]"" class=""small"" src=""//i0.hdslb.com/bfs/emote/4191ce3c44c2b3df8fd97c33f85d3ab15f4f3c84.png@100w_100h.webp""/>",,,,,,,,
1,"<a data-usercard-mid=""23358474"" href=""//space.bilibili.com/23358474"" target=""_blank"">@春色晚 </a>",,,,,,,,
1,下山(成龙历险记版)要想练就乌鸦飞机就要忍受成龙难忍受的痛圣主喜欢喝的茶叫做瓦龙衣服爱穿原谅绿 嘿 小玉无论是符咒或魔气我都很向往13区的符咒还在封印的我 解封的人的人叫圣主我左手一式坐飞机右手蛇形近身步扫腿这招叫蛇形乌鸦坐飞机我成龙寻找符咒时一身正义荡人间除暴安良家我心愿布莱克再见要想练就魔气之力就要去找一个擅长的人来老爹在这方面比较研究透因为他是魔法师 嘿 成龙无论是地狱或天堂只有有邪恶我就会一飞腿还在某处等我 突然出现的人叫刀龙 来我左手打倒甘雀文右手打倒奋苏周扫腿踢倒大阿福小玉拖后腿我成龙扫除黑手帮一身正义荡人间除暴安良我心愿牛战士再见牛符咒 马符咒羊符咒 都是符咒老老爹 什么是符咒我左脚一式扫堂腿右手一式大象腿乌鸦飞机是王道乌鸦坐飞机我成龙去环游世界只要哪里有邪恶就有我正义成龙邪恶都再见新人第一次填词，请多指教,,,,,,,,
1,白嫖失败,,,,,,,,
1,"<img alt=""[热词系列_三连]"" src=""//i0.hdslb.com/bfs/emote/21f15fe11b7a84d2f2121c16dec50a4e4556f865.png@100w_100h.webp""/>",,,,,,,,
1,"<img alt=""[鸡腿]"" class=""small"" src=""//i0.hdslb.com/bfs/emote/c7860392815d345fa69c4f00ef18d67dccfbd574.png@100w_100h.webp""/><img alt=""[鸡腿]"" class=""small"" src=""//i0.hdslb.com/bfs/emote/c7860392815d345fa69c4f00ef18d67dccfbd574.png@100w_100h.webp""/><img alt=""[鸡腿]"" class=""small"" src=""//i0.hdslb.com/bfs/emote/c7860392815d345fa69c4f00ef18d67dccfbd574.png@100w_100h.webp""/>",,,,,,,,
1,千万填词,,,,,,,,
1,怎么注册up？,,,,,,,,
1,填词不错哦(≧∇≦*),,,,,,,,
1,骑兵连，冲啊,,,,,,,,
1,90w助攻,,,,,,,,
1,充电(°∀°)ﾉ  把充电的拉出去斩了,,,,,,,,
1,华夏五千年，不会被一场肺炎打败的！,,,,,,,,
1,泪目,,,,,,,,
1,白嫖失败,,,,,,,,
1,啊啊啊啊看的我眼泪汪汪的往下掉！中国万岁！！！！,,,,,,,,
1,原谅我不争气的哭了,,,,,,,,
1,牛逼,,,,,,,,
1,片头曲是什么，请问UP主,,,,,,,,
1,"<img alt=""[打call]"" class=""small"" src=""//i0.hdslb.com/bfs/emote/431432c43da3ee5aab5b0e4f8931953e649e9975.png@100w_100h.webp""/>",,,,,,,,
1,泪目,,,,,,,,
1,"<img alt=""[热词系列_妙啊]"" src=""//i0.hdslb.com/bfs/emote/b7e36d0f863933d95974152b91bf5dfbae048938.png@100w_100h.webp""/>",,,,,,,,
1,"有没有炸山版本的<img alt=""[微笑]"" class=""small"" src=""//i0.hdslb.com/bfs/emote/685612eadc33f6bc233776c6241813385844f182.png@100w_100h.webp""/><img alt=""[微笑]"" class=""small"" src=""//i0.hdslb.com/bfs/emote/685612eadc33f6bc233776c6241813385844f182.png@100w_100h.webp""/>",,,,,,,,
1,我仔细看了  这up都回复了  关注了,,,,,,,,
1,笑着进来，哭着出去,,,,,,,,
1,我……,,,,,,,,
1,好听是好听。就是有点费烟,,,,,,,,
1,太特么的强了up,,,,,,,,
1,好听,,,,,,,,
1,听了三次 ...旧中国再见,,,,,,,,
1,都给我哭,,,,,,,,
1,给我冲,,,,,,,,
1,棒,,,,,,,,
1,无以言表,,,,,,,,
1,这军旗真好看,,,,,,,,
1,这歌词真是太棒了,,,,,,,,
1,666,,,,,,,,
1,开头的bgm是啥,,,,,,,,
1,好无聊，我看了300遍就关了(｡•ˇ‸ˇ•｡),,,,,,,,
1,"不错，支持<img alt=""[打call]"" class=""small"" src=""//i0.hdslb.com/bfs/emote/431432c43da3ee5aab5b0e4f8931953e649e9975.png@100w_100h.webp""/>",,,,,,,,
1,神仙填词,,,,,,,,
1,1,,,,,,,,
1,"很燃，给力，好评<img alt=""[tv_doge]"" class=""small"" src=""//i0.hdslb.com/bfs/emote/6ea59c827c414b4a2955fe79e0f6fd3dcd515e24.png@100w_100h.webp""/>",,,,,,,,
1,男儿心中最神圣荣耀的梦想-马革裹尸,,,,,,,,
1,当赏 三连了,,,,,,,,
1,非常棒！填词，剪辑，调音都很优秀,,,,,,,,
1,话说我当4级号这么多年，我想要当个热评,,,,,,,,
1,接我一剑三莲。,,,,,,,,
1,"<img alt=""[支持]"" class=""small"" src=""//i0.hdslb.com/bfs/emote/3c210366a5585706c09d4c686a9d942b39feeb50.png@100w_100h.webp""/>",,,,,,,,
1,up有才呀！ 词写的真好！,,,,,,,,
1,这盛世 如你所愿,,,,,,,,
1,文艺复兴,,,,,,,,
1,"<img alt=""[酸了]"" class=""small"" src=""//i0.hdslb.com/bfs/emote/92b1c8cbceea3ae0e8e32253ea414783e8ba7806.png@100w_100h.webp""/><img alt=""[酸了]"" class=""small"" src=""//i0.hdslb.com/bfs/emote/92b1c8cbceea3ae0e8e32253ea414783e8ba7806.png@100w_100h.webp""/>",,,,,,,,
1,哭了,,,,,,,,
1,"<img alt=""[热词系列_妙啊]"" src=""//i0.hdslb.com/bfs/emote/b7e36d0f863933d95974152b91bf5dfbae048938.png@100w_100h.webp""/>",,,,,,,,
1,真就六级了呗,,,,,,,,
1,可惜没币了,,,,,,,,
1,四级号前来膜拜,,,,,,,,
1,生于那个时代是不幸，也是大幸,,,,,,,,
1,"爱了<img alt=""[打call]"" class=""small"" src=""//i0.hdslb.com/bfs/emote/431432c43da3ee5aab5b0e4f8931953e649e9975.png@100w_100h.webp""/><img alt=""[打call]"" class=""small"" src=""//i0.hdslb.com/bfs/emote/431432c43da3ee5aab5b0e4f8931953e649e9975.png@100w_100h.webp""/><img alt=""[打call]"" class=""small"" src=""//i0.hdslb.com/bfs/emote/431432c43da3ee5aab5b0e4f8931953e649e9975.png@100w_100h.webp""/><img alt=""[打call]"" class=""small"" src=""//i0.hdslb.com/bfs/emote/431432c43da3ee5aab5b0e4f8931953e649e9975.png@100w_100h.webp""/><img alt=""[打call]"" class=""small"" src=""//i0.hdslb.com/bfs/emote/431432c43da3ee5aab5b0e4f8931953e649e9975.png@100w_100h.webp""/>",,,,,,,,
1,UP猪我劝你善良,,,,,,,,
1,"李云龙的通通收藏<img alt=""[抠鼻]"" class=""small"" src=""//i0.hdslb.com/bfs/emote/cb89184c97e3f6d50acfd7961c313ce50360d70f.png@100w_100h.webp""/>",,,,,,,,
1,"这才是猛男该看的<img alt=""[打call]"" class=""small"" src=""//i0.hdslb.com/bfs/emote/431432c43da3ee5aab5b0e4f8931953e649e9975.png@100w_100h.webp""/>",,,,,,,,
1,"亿万填词<img alt=""[喜欢]"" class=""small"" src=""//i0.hdslb.com/bfs/emote/8a10a4d73a89f665feff3d46ca56e83dc68f9eb8.png@100w_100h.webp""/>",,,,,,,,
1,有人叹英雄落幕悲伤不已。不过大败之后大整肃，大胜之后大清洗。这是历史规律，没办法的。归根结底，战争只是重新分配社会财富，而不是创造社会财富,,,,,,,,
1,学习?学个屁！,,,,,,,,
1,哈哈哈哈,,,,,,,,
1,"团长真他娘的帅<img alt=""[tv_doge]"" class=""small"" src=""//i0.hdslb.com/bfs/emote/6ea59c827c414b4a2955fe79e0f6fd3dcd515e24.png@100w_100h.webp""/>",,,,,,,,
1,优秀！,,,,,,,,
1,好词,,,,,,,,
1,"Up我来了<img alt=""[大笑]"" class=""small"" src=""//i0.hdslb.com/bfs/emote/ca94ad1c7e6dac895eb5b33b7836b634c614d1c0.png@100w_100h.webp""/>",,,,,,,,
1,做的相当滴好，首页通知书,,,,,,,,
1,"<img alt=""[热词系列_秀]"" src=""//i0.hdslb.com/bfs/emote/50782fbf5d9b7f48f9467b5c53932981e321eedc.png@100w_100h.webp""/><img alt=""[热词系列_妙啊]"" src=""//i0.hdslb.com/bfs/emote/b7e36d0f863933d95974152b91bf5dfbae048938.png@100w_100h.webp""/><img alt=""[热词系列_秀]"" src=""//i0.hdslb.com/bfs/emote/50782fbf5d9b7f48f9467b5c53932981e321eedc.png@100w_100h.webp""/><img alt=""[热词系列_妙啊]"" src=""//i0.hdslb.com/bfs/emote/b7e36d0f863933d95974152b91bf5dfbae048938.png@100w_100h.webp""/>",,,,,,,,
1,除了楼主六六六，我已经找不到话语形容我此刻的心情了(=・ω・=),,,,,,,,
1,666,,,,,,,,
1,"up🐷可以跟我说说什么是三连吗？<img alt=""[调皮]"" class=""small"" src=""//i0.hdslb.com/bfs/emote/8290b7308325e3179d2154327c85640af1528617.png@100w_100h.webp""/>",,,,,,,,
1,"鄙人不善投币<img alt=""[微笑]"" class=""small"" src=""//i0.hdslb.com/bfs/emote/685612eadc33f6bc233776c6241813385844f182.png@100w_100h.webp""/>",,,,,,,,
1,下山-要不要买菜要想练就绝世武功就要忍受常人难忍受的痛师傅喜欢喝的茶叫做乌龙衣服爱穿中国红 嘿 师傅无论是炎夏或寒冬我都很向往山门外的天空还在南方等我 下山的我的人叫小落我左手一式太极拳右手一剑刺身前扫腿这招叫清雪破轻功飞燕我奇筋异脉力破天一身正气荡人间除暴安良我心愿老师傅再见要想练就绝世武功就要忍受常人难忍受的痛师傅喜欢喝的茶叫做乌龙衣服爱穿中国红 师傅无论是炎夏或寒冬我都很向往山门外的天空还在南方等我 下山的我的人叫小落 来我左手一式太极拳右手一剑刺身前扫腿这招叫清雪破轻功飞燕我奇筋异脉力破天一身正气荡人间除暴安良我心愿老师傅再见人法地 地法天天法道 道法孜然师师傅 什么是孜然我左手一式太极拳右手一剑刺身前扫腿这招叫清雪破轻功飞燕我奇筋异脉力破天一身正气荡人间除暴安良我心愿老师傅再见,,,,,,,,
1,三连一下。,,,,,,,,
1,"不投币是不行了<img alt=""[doge]"" class=""small"" src=""//i0.hdslb.com/bfs/emote/bba7c12aa51fed0199c241465560dfc2714c593e.png@100w_100h.webp""/>",,,,,,,,
1,"<img alt=""[狐妖_mdzz]"" src=""//i0.hdslb.com/bfs/emote/e68fd21a5bcfa50b6d45f2a8f5926f992f484ae3.png@100w_100h.webp""/>",,,,,,,,
1,好听不火,,,,,,,,
1,视频开头的拿一小段是什么？,,,,,,,,
1,高手在民间,,,,,,,,
1,看看自己几级了,,,,,,,,
1,亮剑真的好看,,,,,,,,
1,你币有了，,,,,,,,,
1,可惜后来的肃清,,,,,,,,
1,"再去看一遍<img alt=""[微笑]"" class=""small"" src=""//i0.hdslb.com/bfs/emote/685612eadc33f6bc233776c6241813385844f182.png@100w_100h.webp""/>",,,,,,,,
1,突然就6了...,,,,,,,,
1,中国🇨🇳,,,,,,,,
1,我觉得很正能量,,,,,,,,
1,中国红,,,,,,,,
1,比原唱强太多了,,,,,,,,
1,这是我最后的两个币了,,,,,,,,
1,我等级,,,,,,,,
1,这盛世，如你所愿,,,,,,,,
1,最爱我亮剑，最爱我李云龙,,,,,,,,
1,6,,,,,,,,
1,"出山下山，再来个开山？<img alt=""[笑哭]"" class=""small"" src=""//i0.hdslb.com/bfs/emote/c3043ba94babf824dea03ce500d0e73763bf4f40.png@100w_100h.webp""/>",,,,,,,,
1,"B站方文山（确信）<img alt=""[点赞]"" class=""small"" src=""//i0.hdslb.com/bfs/emote/1a67265993913f4c35d15a6028a30724e83e7d35.png@100w_100h.webp""/>",,,,,,,,
1,我358团必须捧捧场子,,,,,,,,
1,百万填词呀！up nb,,,,,,,,
1,请问up的头像是什么动漫哇？,,,,,,,,
1,upNB,,,,,,,,
1,有些2级号，看着自己快到3级，就到处叫人哥哥骗赞，真是不要脸，你说是吧，哥哥们,,,,,,,,
1,牛逼,,,,,,,,
1,怎么说呢，其实这个稍显轻浮出尘的曲不是很适合这么沉重的话题，但是节奏确实很好，词的格调很高，但整体而言还是有违和感。在听觉上的吐槽就这些吧，啥也别说了，继续前进吧达瓦里氏,,,,,,,,
1,封面不是亮剑剧照吧,,,,,,,,
1,李云龙最后死得惨。。,,,,,,,,
1,up主牛皮啊，厉害,,,,,,,,
1,牛皮,,,,,,,,
1,估计亮剑是抗日剧的巅峰了,,,,,,,,
1,此去泉台招旧部，旌旗十万斩阎罗。,,,,,,,,
1,牛逼,,,,,,,,
1,"已投币推荐支持！！！<img alt=""[点赞]"" class=""small"" src=""//i0.hdslb.com/bfs/emote/1a67265993913f4c35d15a6028a30724e83e7d35.png@100w_100h.webp""/>",,,,,,,,
1,几级了？,,,,,,,,
1,每天都要看几遍，还是不过瘾,,,,,,,,
1,神仙填词！爱了爱了(⑉°з°)-♡,,,,,,,,
1,已三连,,,,,,,,
1,白嫖失败,,,,,,,,
1,白嫖好久了 今天居然破戒了,,,,,,,,
1,666,,,,,,,,
1,太优秀了,,,,,,,,
1,今天就该看这样的,,,,,,,,
1,"萌新任务<img alt=""[无语]"" class=""small"" src=""//i0.hdslb.com/bfs/emote/44667b7d9349957e903b1b62cb91fb9b13720f04.png@100w_100h.webp""/>",,,,,,,,
1,亮剑精神,,,,,,,,
1,好！,,,,,,,,
1,up主牛逼，新中国加油,,,,,,,,
1,把我看哭了(´;︵;`)这是我这辈子看过最好的抗战剧。,,,,,,,,
1,2020新年快乐,,,,,,,,
2,已三连,,,,,,,,
1,我小时候觉得女孩子才喜欢红色，男孩应该喜欢别的颜色，后来才知道我喜欢的是红色，中国红,,,,,,,,
1,"<img alt=""[滑稽]"" class=""small"" src=""//i0.hdslb.com/bfs/emote/d15121545a99ac46774f1f4465b895fe2d1411c3.png@100w_100h.webp""/>二营长，你他娘的意大利炮那，老子要下山了，赶紧给我拉出来打2炮<img alt=""[2020]"" class=""small"" src=""//i0.hdslb.com/bfs/emote/dc709fac0d361370bcf0d36d32adb97df7c95824.png@100w_100h.webp""/>",,,,,,,,
1,《颂中国》繁复之局定存亡，荣辱相隔难先尝。昌明之基平地起，盛世如歌颂八方。,,,,,,,,
1,秀,,,,,,,,
1,等级有用吗？能吃吗？,,,,,,,,
1,三连支持，期待下一首佳作,,,,,,,,
1,飞机不用飞两遍，终如您所愿,,,,,,,,
1,火,,,,,,,,
1,开炮,,,,,,,,
1,七尺之躯以许国，再难许卿,,,,,,,,
1,太强了(ง •̀_•́)ง,,,,,,,,
1,你三连有了,,,,,,,,
1,唉时代,,,,,,,,
1,这盛世，如您所愿,,,,,,,,
1,哈哈哈哈,,,,,,,,
1,没有什么曲是我大亮剑不能驾驭的,,,,,,,,
1,已三连,,,,,,,,
1,好看不火,,,,,,,,
1,牛,,,,,,,,
1,那一定是中国红,,,,,,,,
1,旧中国再见,,,,,,,,
1,"白嫖失败<img alt=""[偷笑]"" class=""small"" src=""//i0.hdslb.com/bfs/emote/6c49d226e76c42cd8002abc47b3112bc5a92f66a.png@100w_100h.webp""/>",,,,,,,,
1,😄,,,,,,,,
1,我白嫖宗的无上长老甘拜下风，up🐷三连拿好,,,,,,,,
1,现在的美国和当初的日本本质上有什么区别吗？,,,,,,,,
1,云龙兄，说的太好了(=・ω・=),,,,,,,,
1,流弊,,,,,,,,
1,给劲,,,,,,,,
1,😭😭😭，中国加油！,,,,,,,,
1,开头的BGM是什么啊,,,,,,,,
1,"百万填词，辛苦了！！！<img alt=""[打call]"" class=""small"" src=""//i0.hdslb.com/bfs/emote/431432c43da3ee5aab5b0e4f8931953e649e9975.png@100w_100h.webp""/><img alt=""[打call]"" class=""small"" src=""//i0.hdslb.com/bfs/emote/431432c43da3ee5aab5b0e4f8931953e649e9975.png@100w_100h.webp""/>",,,,,,,,
1,骑兵团跟我上,,,,,,,,
1,666,,,,,,,,
1,白嫖失败,,,,,,,,
1,"感谢调音方面的指导，降八度舒服多了。来补三连<img alt=""[打call]"" class=""small"" src=""//i0.hdslb.com/bfs/emote/431432c43da3ee5aab5b0e4f8931953e649e9975.png@100w_100h.webp""/>",,,,,,,,
1,白嫖失败，没忍住,,,,,,,,
1,逢敌必亮剑#李云龙#,,,,,,,,
1,《亮剑》十大亮点:有胜阅兵、宝庆溜冰、云飞打鸟、乃超奔跑、旅长骂娘、和尚踹墙、段鹏卖粮、平田哭娘、德胜进攻、秀芹喊麦、大彪摔帽、老李开炮、柱子干掉坂田的WiFi信号。,,,,,,,,
1,我觉得中国男儿改中华儿女好像更好点……,,,,,,,,
1,好听，不过得换成我们八路军的曲子,,,,,,,,
1,泪目,,,,,,,,
1,不就是硬币吗我给你就是,,,,,,,,
1,"我一直以为《亮剑》他是一部纪录片。<img alt=""[洛天依_吃包群众]"" src=""//i0.hdslb.com/bfs/emote/f8cdabfc1b81fd25b85b8457ee49a20a4fc5d91b.png@100w_100h.webp""/>",,,,,,,,
1,听哭了,,,,,,,,
1,火钳刘明,,,,,,,,
1,你是让我第一次点这个喜欢的，谢谢。你真的很棒加油＾０＾~,,,,,,,,
1,那些说中国男人配不上中国女人的人 请她们记住  中国的大好河山她们生活的美好生活 是中国男人们用鲜血和生命换来的,,,,,,,,
1,为什么之前哔哩哔哩又用不了了？,,,,,,,,
1,░░░░░░░░░░▄▀▀▀▄ ░░░░░░░░▄▀░░░░░▀▄ ░░░░░░░█░░░░▄▀░░░█ ░░░░░░█░░░▄▀█░░░░░█ ░░░░░█░░░░░░█░░░░░░█ ░░░░░█░░░█▀▀█▀▀█░░░█ ░░░░░█░░░█░░█░░█░░░█ ░░░░░░█░░▀░░█░░▀░░█ ░░░░░░░█░░░░█░░░░█ ░░░░░░░░▀▄░░▀░░▄▀ ░░░░░░░░░░▀▄▄▄▀ ░░░░░░░░░░░▄▄,,,,,,,,
1,长江黄河润华夏，五岳千载壮神州如水年华七十载，画卷更迭几度秋盛世闪耀中国梦，三江五岳迎国庆祖国献寿民同乐，国运昌盛天地贺歌颂祖国山河壮，生日快乐高歌唱五千文明中国龙，神州飞天奔月情此生无悔入华夏，来生愿在种花家🇨🇳🇨🇳🇨🇳🇨🇳🇨🇳🇨🇳🇨🇳🇨🇳🇨🇳🇨🇳🇨🇳🇨🇳,,,,,,,,
1,号,,,,,,,,
1,爱了爱了,,,,,,,,
1,要说一点不好的就是 中国没天堂,,,,,,,,
1,nb,,,,,,,,
1,首页等你,,,,,,,,
1,啊啊啊没有硬币的痛苦,,,,,,,,
1,奈何咱家没文化，一句牛逼走天下。,,,,,,,,
1,可惜李云龙了，没死在抗战中却死在胜利后,,,,,,,,
1,这盛世，如你所愿！,,,,,,,,
1,"<img alt=""[狐妖_吃药]"" src=""//i0.hdslb.com/bfs/emote/059d810cbc5ad4df4f9bbf08e44643b022a2354f.png@100w_100h.webp""/>",,,,,,,,
1,亮剑拍出来八路的抗战血性，团长拍出来国军抗战的坚韧和对政治的无奈,,,,,,,,
1,这才是鬼畜该有的样子，三连了,,,,,,,,
1,我特么差点哭了,,,,,,,,
1,我只能说其他人李云龙演的也很好，但是，李幼斌把李云龙演活了,,,,,,,,
1,这盛世，如你所愿,,,,,,,,
1,好红色！,,,,,,,,
1,和,,,,,,,,
1,如果奇迹有颜色，那一定是中国红,,,,,,,,
1,三连了,,,,,,,,
1,这才是鬼畜该有的样子,,,,,,,,
1,"▬▬▬▬.◙.▬▬▬▬    ▂▄▄▓▄▄▂◢◤ █▀▀████▄▄▄▄◢◤█  白嫖使我快乐  █▀……╬    ◥██████◤   ══╩══╩═══白嫖党专属逃离机<img alt=""[滑稽]"" class=""small"" src=""//i0.hdslb.com/bfs/emote/d15121545a99ac46774f1f4465b895fe2d1411c3.png@100w_100h.webp""/>点赞上机",,,,,,,,
1,牛批！,,,,,,,,
1,三连了,,,,,,,,
1,Up秀,,,,,,,,
1,"教练我想学这个<img alt=""[抠鼻]"" class=""small"" src=""//i0.hdslb.com/bfs/emote/cb89184c97e3f6d50acfd7961c313ce50360d70f.png@100w_100h.webp""/><img alt=""[抠鼻]"" class=""small"" src=""//i0.hdslb.com/bfs/emote/cb89184c97e3f6d50acfd7961c313ce50360d70f.png@100w_100h.webp""/><img alt=""[抠鼻]"" class=""small"" src=""//i0.hdslb.com/bfs/emote/cb89184c97e3f6d50acfd7961c313ce50360d70f.png@100w_100h.webp""/>",,,,,,,,
1,就没有我李云龙不会唱歌,,,,,,,,
1,"没有币了给不了<img alt=""[笑哭]"" class=""small"" src=""//i0.hdslb.com/bfs/emote/c3043ba94babf824dea03ce500d0e73763bf4f40.png@100w_100h.webp""/><img alt=""[笑哭]"" class=""small"" src=""//i0.hdslb.com/bfs/emote/c3043ba94babf824dea03ce500d0e73763bf4f40.png@100w_100h.webp""/>",,,,,,,,
1,三连了，三连了，up主流批,,,,,,,,
1,"鬼畜实验室:用二胡经典曲目《赛马》，打开双节棍<a data-view=""80457541"" href=""//www.bilibili.com/video/av80457541/"" target=""_blank"">av80457541</a>",,,,,,,,
1,泪目,,,,,,,,
1,哈哈哈哈,,,,,,,,
1,爱了爱了,,,,,,,,
1,我币没了,,,,,,,,
1,无论谁在装逼，我楚云飞一定要来帮帮场子,,,,,,,,
1,"<img alt=""[画风突变]"" class=""small"" src=""//i0.hdslb.com/bfs/emote/ba4de7a3f97644038b15195bdc9f82a8fd118e77.png@100w_100h.webp""/><img alt=""[画风突变]"" class=""small"" src=""//i0.hdslb.com/bfs/emote/ba4de7a3f97644038b15195bdc9f82a8fd118e77.png@100w_100h.webp""/><img alt=""[画风突变]"" class=""small"" src=""//i0.hdslb.com/bfs/emote/ba4de7a3f97644038b15195bdc9f82a8fd118e77.png@100w_100h.webp""/>开炮",,,,,,,,
1,中国红,,,,,,,,
1,你们管这种叫电视剧？这明明是记录片！,,,,,,,,
1,"<img alt=""[打call]"" class=""small"" src=""//i0.hdslb.com/bfs/emote/431432c43da3ee5aab5b0e4f8931953e649e9975.png@100w_100h.webp""/>",,,,,,,,
1,"有没有日语区大佬发发油管<img alt=""[微笑]"" class=""small"" src=""//i0.hdslb.com/bfs/emote/685612eadc33f6bc233776c6241813385844f182.png@100w_100h.webp""/><img alt=""[微笑]"" class=""small"" src=""//i0.hdslb.com/bfs/emote/685612eadc33f6bc233776c6241813385844f182.png@100w_100h.webp""/>",,,,,,,,
1,冲封面，币投了,,,,,,,,
1,一般都不会差,,,,,,,,
1,混音莫名地很好听啊，会上瘾,,,,,,,,
1,"Fk 没有硬币了<img alt=""[笑哭]"" class=""small"" src=""//i0.hdslb.com/bfs/emote/c3043ba94babf824dea03ce500d0e73763bf4f40.png@100w_100h.webp""/>",,,,,,,,
1,乌拉！,,,,,,,,
1,牛逼,,,,,,,,
1,三连了,,,,,,,,
1,不知道第1131条评论有没有up主的回复,,,,,,,,
1,明年要炸山吗？,,,,,,,,
1,"好看不火<img alt=""[大哭]"" class=""small"" src=""//i0.hdslb.com/bfs/emote/2caafee2e5db4db72104650d87810cc2c123fc86.png@100w_100h.webp""/>",,,,,,,,
1,"UP牛逼<img alt=""[打call]"" class=""small"" src=""//i0.hdslb.com/bfs/emote/431432c43da3ee5aab5b0e4f8931953e649e9975.png@100w_100h.webp""/>",,,,,,,,
1,UP主求一下开头片段的bgm,,,,,,,,
1,"真就每个都回复啊，你币有了<img alt=""[吃瓜]"" class=""small"" src=""//i0.hdslb.com/bfs/emote/4191ce3c44c2b3df8fd97c33f85d3ab15f4f3c84.png@100w_100h.webp""/>",,,,,,,,
1,"果然还是B站文化适合我<img alt=""[2233娘_大笑]"" src=""//i0.hdslb.com/bfs/emote/16b8794be990cefa6caeba4d901b934a227ee3b8.png@100w_100h.webp""/>",,,,,,,,
1,这玩意儿是泪目警惕线吧？,,,,,,,,
1,老军人们看到会点赞的,,,,,,,,
1,开头的bgm是啥啊,,,,,,,,
1,(｀・ω・´),,,,,,,,
1,"奈何本人文化差，一句nb走天下<img alt=""[滑稽]"" class=""small"" src=""//i0.hdslb.com/bfs/emote/d15121545a99ac46774f1f4465b895fe2d1411c3.png@100w_100h.webp""/><img alt=""[滑稽]"" class=""small"" src=""//i0.hdslb.com/bfs/emote/d15121545a99ac46774f1f4465b895fe2d1411c3.png@100w_100h.webp""/><img alt=""[滑稽]"" class=""small"" src=""//i0.hdslb.com/bfs/emote/d15121545a99ac46774f1f4465b895fe2d1411c3.png@100w_100h.webp""/>",,,,,,,,
1,"<a data-usercard-mid=""946448"" href=""//space.bilibili.com/946448"" target=""_blank"">@日本 </a>",,,,,,,,
1,"<a class=""video-seek"" data-p=""-1"" data-time=""148"">2：28</a>这场景出自何处？求",,,,,,,,
1,已三连,,,,,,,,
1,"<img alt=""[打call]"" class=""small"" src=""//i0.hdslb.com/bfs/emote/431432c43da3ee5aab5b0e4f8931953e649e9975.png@100w_100h.webp""/><img alt=""[打call]"" class=""small"" src=""//i0.hdslb.com/bfs/emote/431432c43da3ee5aab5b0e4f8931953e649e9975.png@100w_100h.webp""/><img alt=""[打call]"" class=""small"" src=""//i0.hdslb.com/bfs/emote/431432c43da3ee5aab5b0e4f8931953e649e9975.png@100w_100h.webp""/>",,,,,,,,
1,这月唯一一个三连,,,,,,,,
1,"三连暗示<img alt=""[吃瓜]"" class=""small"" src=""//i0.hdslb.com/bfs/emote/4191ce3c44c2b3df8fd97c33f85d3ab15f4f3c84.png@100w_100h.webp""/><img alt=""[吃瓜]"" class=""small"" src=""//i0.hdslb.com/bfs/emote/4191ce3c44c2b3df8fd97c33f85d3ab15f4f3c84.png@100w_100h.webp""/>",,,,,,,,
1,@中央共青团,,,,,,,,
1,我突然知道为什么我的硬币攒不下来了,,,,,,,,
1,锦绣神州、山水如画、落眼繁华、扬我华夏！！,,,,,,,,
1,6级了,,,,,,,,
1,下次一定，下次一定,,,,,,,,
1,666归零,,,,,,,,
1,@共青团中央，快来看，这个人填词太棒了。,,,,,,,,
1,又害我看哭了😭,,,,,,,,
1,好活！该赏！,,,,,,,,
1,中国牛逼,,,,,,,,
1,厉害厉害👍,,,,,,,,
1,"三连了<img alt=""[小电视_赞]"" src=""//i0.hdslb.com/bfs/emote/86ccf6d0b5480169bf80f3582fae09d7ed455c06.png@100w_100h.webp""/>",,,,,,,,
1,@共青团,,,,,,,,
1,诶！和尚 把我那个拿过来……,,,,,,,,
1,押韵啊哥哥,,,,,,,,
1,辛苦了,,,,,,,,
1,一千！,,,,,,,,
1,血债终将血偿！！,,,,,,,,
1,没币了所以下次一定,,,,,,,,
1,哈哈,,,,,,,,
1,"<img alt=""[喜欢]"" class=""small"" src=""//i0.hdslb.com/bfs/emote/8a10a4d73a89f665feff3d46ca56e83dc68f9eb8.png@100w_100h.webp""/><img alt=""[喜欢]"" class=""small"" src=""//i0.hdslb.com/bfs/emote/8a10a4d73a89f665feff3d46ca56e83dc68f9eb8.png@100w_100h.webp""/>",,,,,,,,
1,"兆亿填词<img alt=""[支持]"" class=""small"" src=""//i0.hdslb.com/bfs/emote/3c210366a5585706c09d4c686a9d942b39feeb50.png@100w_100h.webp""/><img alt=""[支持]"" class=""small"" src=""//i0.hdslb.com/bfs/emote/3c210366a5585706c09d4c686a9d942b39feeb50.png@100w_100h.webp""/><img alt=""[支持]"" class=""small"" src=""//i0.hdslb.com/bfs/emote/3c210366a5585706c09d4c686a9d942b39feeb50.png@100w_100h.webp""/><img alt=""[爱心]"" class=""small"" src=""//i0.hdslb.com/bfs/emote/ed04066ea7124106d17ffcaf75600700e5442f5c.png@100w_100h.webp""/><img alt=""[爱心]"" class=""small"" src=""//i0.hdslb.com/bfs/emote/ed04066ea7124106d17ffcaf75600700e5442f5c.png@100w_100h.webp""/>",,,,,,,,
1,"封面是不是一部名叫沧海的电视剧，讲人民海军建立的过程，我记得李幼斌只在前面漏了个脸，带部队准备渡海攻打国民党占领的岛屿，结果后援没到，全军覆没。电视剧主角是李幼斌所扮演角色的老战友。就是《红日》李幼斌演的张灵甫的死对头，那个八路军主角。<img alt=""[喜极而泣]"" class=""small"" src=""//i0.hdslb.com/bfs/emote/485a7e0c01c2d70707daae53bee4a9e2e31ef1ed.png@100w_100h.webp""/>",,,,,,,,
1,没有人@中国共青团嘛？,,,,,,,,
1,今日解签，宜看云龙。,,,,,,,,
1,好久不见李云龙咯,,,,,,,,
1,(ﾟДﾟ≡ﾟдﾟ)!?,,,,,,,,
1,好活,,,,,,,,
1,热血沸腾,,,,,,,,
1,优秀坏了,,,,,,,,
1,封面是哪部电影,,,,,,,,
1,666,,,,,,,,
1,赞！,,,,,,,,
1,"我叫云龙，哈哈哈哈<img alt=""[笑哭]"" class=""small"" src=""//i0.hdslb.com/bfs/emote/c3043ba94babf824dea03ce500d0e73763bf4f40.png@100w_100h.webp""/><img alt=""[笑哭]"" class=""small"" src=""//i0.hdslb.com/bfs/emote/c3043ba94babf824dea03ce500d0e73763bf4f40.png@100w_100h.webp""/><img alt=""[笑哭]"" class=""small"" src=""//i0.hdslb.com/bfs/emote/c3043ba94babf824dea03ce500d0e73763bf4f40.png@100w_100h.webp""/><img alt=""[画风突变]"" class=""small"" src=""//i0.hdslb.com/bfs/emote/ba4de7a3f97644038b15195bdc9f82a8fd118e77.png@100w_100h.webp""/><img alt=""[画风突变]"" class=""small"" src=""//i0.hdslb.com/bfs/emote/ba4de7a3f97644038b15195bdc9f82a8fd118e77.png@100w_100h.webp""/>",,,,,,,,
1,鼎，国之重器。定鼎，则国泰民安。赤衣的女性凝视着手中的小鼎，红色的丝带于脑后飘舞。这是一位如此典雅端庄的女士，她微启嘴唇，双眼中仿佛什么感情都没有，可又好像被无数沉重的事物所包裹，三花聚顶于她的眼内，如同绽放的最美丽的花束。舰装于她的身后展开，那漫长的甲板，就好像一幅画卷，记录着漫长的历史。今日是2019年12月17日，可能对很多人而言，这只是一个普通的一天，但是在这漫长的华夏水师历史里，它却带着一分不寻常。1888年12月17日，北洋水师正式成立，它曾是亚洲第一的海军，却只在历史中遭受了无尽的嘲笑。炎黄子孙在那岁月里被无数事物压弯了脊梁，可它们却始终无法让这根硬骨断折。他们学习，继承，创造，这无数人的血与汗和泪，在最后，凝聚成了这枚鼎。它是华夏人的魂，是跨越了无数黑暗，并将最终朝向璀璨前进的星火。何以安疆，何以安疆！铸九尊千钧重鼎，镇万世太舞升平。这就是它，这就是她，这就是他们。时代已经变了，大清的屈辱已是过去，新邦的未来正在展开。“君不见百年沉沦成追忆，五千年昭昭天命今再兴！”贰零壹玖年拾贰月拾柒日，首艘完全国产航母正式入列，编号拾柒。她的名字是“山东舰”。,,,,,,,,
1,太好了,,,,,,,,
1,"<a data-usercard-mid=""20165629"" href=""//space.bilibili.com/20165629"" target=""_blank"">@共青团中央 </a>",,,,,,,,
1,山东舰下水了,,,,,,,,
1,8说了，三连都交了吧,,,,,,,,
1,希望大家都是真的记得数以万计同胞遇难的日子！而不是看到视频以后才顺带说一说！勿忘国耻 究竟让我们不要忘的是哪一种耻！希望大家都能好好了解一下 不了解的也可以去百度一下！,,,,,,,,
1,"三连了！（现在这个片尾用不了了<img alt=""[doge]"" class=""small"" src=""//i0.hdslb.com/bfs/emote/bba7c12aa51fed0199c241465560dfc2714c593e.png@100w_100h.webp""/>）",,,,,,,,
1,好词！三连了,,,,,,,,
1,泪目,,,,,,,,
1,"<img alt=""[喜欢]"" class=""small"" src=""//i0.hdslb.com/bfs/emote/8a10a4d73a89f665feff3d46ca56e83dc68f9eb8.png@100w_100h.webp""/>",,,,,,,,
1,厉害👍🏻。。◐▂◐,,,,,,,,
1,该来的总会来,,,,,,,,
1,已三连+关注！,,,,,,,,
1,李云龙正在主持一个会议，突然接到妻子田雨打来的电话，她在电话里泣不成声地说： “老李，回家，出大事了……回来！”李云龙的心猛地一沉，他来不及多问，匆匆宣布散会，带上警卫员小吴窜上车就往家奔 。在路上，他还在心里嘀咕，出什么大事了？这年头咋就没好事呢？院子里很静。推开屋门，就听见低沉的哭声，一个年龄有十四五岁的男孩，一见李云龙便放 下饼干扑过来，哇的一声哭出来，旁边的两个年龄小一些的男孩和一个女孩也跟着跪下来抱 住李云龙的腿放声大哭：“李伯伯，救救我们……”孩子们哭得说不出话来。李云龙看看妻 子，见田雨也在痛哭。她抽泣着告诉李云龙：“赵刚和冯楠都，都没了，不知是不是他杀， 这是他们的四个孩子，从北京投奔咱们来了……”李云龙像突然遭到雷击，脸色变得惨白，他身子晃晃便颓然倒在沙发上，警卫员小吴吓得抱 住他连声喊：“首长，首长，你怎么了？”李云龙斜靠在沙发上，微闭着眼睛一声不吭， 小吴情急之下抓起电话要叫医生，见李云龙无力地摆摆手……他紧闭的眼睛里渗出 了两滴黄豆粒大的泪珠，转眼之间，泪水就成串地滚落下来。他在痛哭，但听不见一点儿哭 声，田雨惊慌地摇晃着他，连声喊道：“老李，你要哭就哭出声来，千万别憋着……”此时，李云龙已经什么也听不见了。……赵刚迎面向他走来，还是当年那身灰色的八路军军 装，绑腿打得很利索，清瘦白皙的脸上充满了微笑，黑黑的眼睛里闪动着智慧的光芒。李 云 龙怒吼道：“老赵，你咋成了孬种？咱独立团啥时候让人打垮过？日本鬼子都打不垮咱们， 你咋自己把自己打垮啦？你别走，咱独立团不能没政委……”赵刚的声音仿佛是从很遥远的 地方传来：“老李，你不懂，死亡也是一种抗争，一个有尊严的生命才有存在的价值，失去 了尊严，生命难道还有意义吗？”李云龙哭了：“好兄弟，你别走，求你啦，你走了我一个 人怪孤单的，这么多老战友都走了，我一个人活着还有啥意思……”赵刚的声音传来：“还 记得陈老总的那句诗吗？此去泉台招旧部，旌旗十万斩阎罗。咱们按老规矩，政委先打前 站，团长早晚去报到。到那边，咱们拉起队伍，还是一个独立团……”赵刚的身影倏然而逝 ，一道耀眼的闪电划破天空，繁星万点纷纷飘落。当年晋西北的山山水水都瞬间出现在眼前 ，田野、村庄、山川、河流都呈现出悲壮苍凉的色彩，这些景物从深远的苍茫中飘然而来， 又向深远的苍茫中飘然而去……,,,,,,,,
1,我还以为，“下海呢”,,,,,,,,
1,"<a data-usercard-mid=""20165629"" href=""//space.bilibili.com/20165629"" target=""_blank"">@共青团中央 </a>",,,,,,,,
1,厉害厉害,,,,,,,,
1,太棒了！,,,,,,,,
1,666,,,,,,,,
1,"<a data-usercard-mid=""20165629"" href=""//space.bilibili.com/20165629"" target=""_blank"">@共青团中央 </a>",,,,,,,,
1,犯我中华者，虽远必诛！,,,,,,,,
1,百万填词,,,,,,,,
1,你钢蹦有了,,,,,,,,
1,好活,,,,,,,,
1,"已三连，真的很用心了，犯我种花家，虽远必诛！<img alt=""[点赞]"" class=""small"" src=""//i0.hdslb.com/bfs/emote/1a67265993913f4c35d15a6028a30724e83e7d35.png@100w_100h.webp""/><img alt=""[点赞]"" class=""small"" src=""//i0.hdslb.com/bfs/emote/1a67265993913f4c35d15a6028a30724e83e7d35.png@100w_100h.webp""/>",,,,,,,,
1,壮哉，上将军,,,,,,,,
1,年纪大了，以前觉得这些感触没那么深。现在，我爱我的祖国！！！,,,,,,,,
1,那天他正在围海造田工地上背石头，对面敌占岛上那功率强大的广播站又开始广播了。一股宏大的铺天盖地的音乐声像飓风一样掠过海峡，郑波的心脏猛然收缩起来，这是贝多芬英雄交响乐的第二乐章，那首著名的《葬礼进行曲》，肃穆、悲哀的音乐过后，往常那娇滴滴的女人声音没有出现，一个声音浑厚的男广播员缓慢的声音传来：“……驻岛全体国军将士对李云龙将军的逝世表示深切哀悼……民国三十一年冬，李将军率部与倭敌激战于野狼峪，白刃战中手刃侯寇数百余，日军闻风丧胆。民国三十三年，李将军于晋西北全歼装备精良之日军山本一木特种部队，凭血肉之躯及劣势装备与敌浴血奋战，实乃中国军人之楷模。……现在广播在抗战中曾与李云龙将军协同作战共同抗击日本侵略者的原‘国军’第二战区上校团长、现役‘国军’陆军中将楚云飞的悼念文章，楚将军引用南宋词人刘克庄《满江红》词作为开始：铁马晓嘶营壁冷，楼船夜渡风涛急，有谁怜？猿臂故将军，无功极…,,,,,,,,
1,up每个都评论啊 厉害了,,,,,,,,
1,"赞赞赞<img alt=""[支持]"" class=""small"" src=""//i0.hdslb.com/bfs/emote/3c210366a5585706c09d4c686a9d942b39feeb50.png@100w_100h.webp""/>",,,,,,,,
1,一定是中国红,,,,,,,,
1,拍因删，重现b 谢up,,,,,,,,
1,给大佬跪了,,,,,,,,
1,"这都不火？天理难容啊！<img alt=""[点赞]"" class=""small"" src=""//i0.hdslb.com/bfs/emote/1a67265993913f4c35d15a6028a30724e83e7d35.png@100w_100h.webp""/>",,,,,,,,
1,好活,,,,,,,,
1,趁着没火  我来了,,,,,,,,
1,"<img alt=""[微笑]"" class=""small"" src=""//i0.hdslb.com/bfs/emote/685612eadc33f6bc233776c6241813385844f182.png@100w_100h.webp""/>",,,,,,,,
1,"这个视频我是在2.6万播放时看的，忘了评论，现已三连<img alt=""[大笑]"" class=""small"" src=""//i0.hdslb.com/bfs/emote/ca94ad1c7e6dac895eb5b33b7836b634c614d1c0.png@100w_100h.webp""/>",,,,,,,,
1,太棒了哦！,,,,,,,,
1,开头的gm是啥,,,,,,,,
1,视频封面不是李云龙，而是李幼斌演的另一部电视剧《沧海》的剧照,,,,,,,,
1,"我怀疑你是潮州的小号<img alt=""[嫌弃]"" class=""small"" src=""//i0.hdslb.com/bfs/emote/de4c0783aaa60ec03de0a2b90858927bfad7154b.png@100w_100h.webp""/><img alt=""[嫌弃]"" class=""small"" src=""//i0.hdslb.com/bfs/emote/de4c0783aaa60ec03de0a2b90858927bfad7154b.png@100w_100h.webp""/><img alt=""[嫌弃]"" class=""small"" src=""//i0.hdslb.com/bfs/emote/de4c0783aaa60ec03de0a2b90858927bfad7154b.png@100w_100h.webp""/><img alt=""[嫌弃]"" class=""small"" src=""//i0.hdslb.com/bfs/emote/de4c0783aaa60ec03de0a2b90858927bfad7154b.png@100w_100h.webp""/>",,,,,,,,
1,火钳刘明,,,,,,,,
1,"还有......多喝热水<img alt=""[doge]"" class=""small"" src=""//i0.hdslb.com/bfs/emote/bba7c12aa51fed0199c241465560dfc2714c593e.png@100w_100h.webp""/>",,,,,,,,
1,奈何老夫没文化，一句卧槽走天下,,,,,,,,
1,加油!,,,,,,,,
1,up牛批,,,,,,,,
1,"厉害厉害<img alt=""[打call]"" class=""small"" src=""//i0.hdslb.com/bfs/emote/431432c43da3ee5aab5b0e4f8931953e649e9975.png@100w_100h.webp""/><img alt=""[打call]"" class=""small"" src=""//i0.hdslb.com/bfs/emote/431432c43da3ee5aab5b0e4f8931953e649e9975.png@100w_100h.webp""/>",,,,,,,,
1,片头BGM是啥,,,,,,,,
1,"<img alt=""[打call]"" class=""small"" src=""//i0.hdslb.com/bfs/emote/431432c43da3ee5aab5b0e4f8931953e649e9975.png@100w_100h.webp""/>",,,,,,,,
1,三连了，头皮发麻，,,,,,,,,
1,"这个太帅了，全程高帅，想问一下<a class=""video-seek"" data-p=""-1"" data-time=""148"">02:28</a>那里，很应景了，很有气魄，是什么片子里的",,,,,,,,
1,和尚太可惜了，哎,,,,,,,,
1,AB牛逼！（破音）,,,,,,,,
1,"是不是只要评论就会被UP赞呀<img alt=""[画风突变]"" class=""small"" src=""//i0.hdslb.com/bfs/emote/ba4de7a3f97644038b15195bdc9f82a8fd118e77.png@100w_100h.webp""/>",,,,,,,,
1,"up好像每个评论都会回诶<img alt=""[doge]"" class=""small"" src=""//i0.hdslb.com/bfs/emote/bba7c12aa51fed0199c241465560dfc2714c593e.png@100w_100h.webp""/>，良心",,,,,,,,
1,果断三连。,,,,,,,,
1,"非常不错，首页录取通知书<img alt=""[支持]"" class=""small"" src=""//i0.hdslb.com/bfs/emote/3c210366a5585706c09d4c686a9d942b39feeb50.png@100w_100h.webp""/>",,,,,,,,
1,好，看完很感动，满分填词,,,,,,,,
1,"天朝天下第一！！！<img alt=""[2233娘_第一]"" src=""//i0.hdslb.com/bfs/emote/3754ee6e5985bd0bd7dfb668981f2a8733398ebd.png@100w_100h.webp""/><img alt=""[2233娘_第一]"" src=""//i0.hdslb.com/bfs/emote/3754ee6e5985bd0bd7dfb668981f2a8733398ebd.png@100w_100h.webp""/><img alt=""[2233娘_第一]"" src=""//i0.hdslb.com/bfs/emote/3754ee6e5985bd0bd7dfb668981f2a8733398ebd.png@100w_100h.webp""/>",,,,,,,,
1,已三连,,,,,,,,
1,三三三连连连了,,,,,,,,
1,给👴看哭了，你币有了，lpyz,,,,,,,,
1,👧感动了,,,,,,,,
1,高....高级弹幕？,,,,,,,,
1,很强,,,,,,,,
1,还真他娘的好听,,,,,,,,
1,下山牛掰，小破站牛掰，中国牛掰！,,,,,,,,
1,不知道说什么，只能默默点个赞，投个币,,,,,,,,
1,火了,,,,,,,,
1,该来的总会来,,,,,,,,
1,我愿称之为清空硬币之作！,,,,,,,,
1,我记得小说里李云龙的毕业论文是论特种作战,,,,,,,,
1,要火。,,,,,,,,
1,百万填词,,,,,,,,
1,硬币给你了,,,,,,,,
1,好！,,,,,,,,
1,"很好，很好，很好。<img alt=""[微笑]"" class=""small"" src=""//i0.hdslb.com/bfs/emote/685612eadc33f6bc233776c6241813385844f182.png@100w_100h.webp""/>",,,,,,,,
1,第一次不笑看鬼畜，甚至有些感动,,,,,,,,
1,"up快觉得我很赞 快点<img alt=""[2233娘_卖萌]"" src=""//i0.hdslb.com/bfs/emote/ea893aa25355de95ab4f03c2dad3f0c58d0c159e.png@100w_100h.webp""/>",,,,,,,,
1,太帅了,,,,,,,,
1,我们没有资格原谅他们，只有上一代人才可以。,,,,,,,,
1,中非友谊一家亲，黑人帮打鬼子友谊千古宣传（,,,,,,,,
1,逢敌必亮剑,,,,,,,,
1,很棒！四连了,,,,,,,,
1,要火    留名,,,,,,,,
1,有谁叫什么云龙的，报上名来,,,,,,,,
1,"三连了<img alt=""[doge]"" class=""small"" src=""//i0.hdslb.com/bfs/emote/bba7c12aa51fed0199c241465560dfc2714c593e.png@100w_100h.webp""/><img alt=""[doge]"" class=""small"" src=""//i0.hdslb.com/bfs/emote/bba7c12aa51fed0199c241465560dfc2714c593e.png@100w_100h.webp""/>",,,,,,,,
1,团长让我带着兄弟们再冲一回吧,,,,,,,,
1,第610条评论,,,,,,,,
1,有鬼畜了？！！,,,,,,,,
1,已投币!我太爱了!神仙,,,,,,,,
1,求歌词,,,,,,,,
1,三连,,,,,,,,
1,来迟了.然后我发现了不得了的水印.在团长眼里。我厉害吧。UP快夸我 让我开心一下。最近有点丧,,,,,,,,
1,等一个团团,,,,,,,,
1,亿键三连,,,,,,,,
1,好活,,,,,,,,
1,"说实话，这视频不火到咱团和党官方都知道，太阳都要从西边出来<img alt=""[蛆音娘_哼]"" src=""//i0.hdslb.com/bfs/emote/8854f1b8a82126e3b87f3a1563da5feb55b23e71.png@100w_100h.webp""/><img alt=""[蛆音娘_吃瓜群众]"" src=""//i0.hdslb.com/bfs/emote/5d0d6cc54b508d30b4f50b6b5f7b7e1e259d84ea.png@100w_100h.webp""/>",,,,,,,,
1,热榜第一，我说的,,,,,,,,
1,好,,,,,,,,
1,总理。这盛世如你所愿。(=・ω・=),,,,,,,,
1,三联了嗷,,,,,,,,
1,方文山好不好,,,,,,,,
1,"我默默留下了三连，挺好<img alt=""[微笑]"" class=""small"" src=""//i0.hdslb.com/bfs/emote/685612eadc33f6bc233776c6241813385844f182.png@100w_100h.webp""/>",,,,,,,,
1,Ab牛逼啊！一定要火,,,,,,,,
1,有内味了,,,,,,,,
1,"？？？ 菊花掩盖着刀锋Σ(ﾟдﾟ;)<img alt=""[滑稽]"" class=""small"" src=""//i0.hdslb.com/bfs/emote/d15121545a99ac46774f1f4465b895fe2d1411c3.png@100w_100h.webp""/>",,,,,,,,
1,编辑推荐牛批,,,,,,,,
1,愿这盛世中华，如您所愿,,,,,,,,
1,投币为什么有上限，表示难受,,,,,,,,
1,这盛世.....如你们所愿,,,,,,,,
1,不用问奇迹是否有颜色奇迹的颜色是红色面积是960万民族是华夏名字是中国🇨🇳！！！,,,,,,,,
1,"三连关注了，up加油<img alt=""[小电视_赞]"" src=""//i0.hdslb.com/bfs/emote/86ccf6d0b5480169bf80f3582fae09d7ed455c06.png@100w_100h.webp""/>",,,,,,,,
1,就这视频的制作我真的想不到不给三连的理由,,,,,,,,
1,"大哥可以上传网易云吗<img alt=""[doge]"" class=""small"" src=""//i0.hdslb.com/bfs/emote/bba7c12aa51fed0199c241465560dfc2714c593e.png@100w_100h.webp""/>",,,,,,,,
1,如此人才DJ多骄,,,,,,,,
1,"已三连，<img alt=""[微笑]"" class=""small"" src=""//i0.hdslb.com/bfs/emote/685612eadc33f6bc233776c6241813385844f182.png@100w_100h.webp""/>",,,,,,,,
1,"<img class=""jump-img"" src=""https://i0.hdslb.com/bfs/activity-plat/static/20201110/4c8b2dbaded282e67c9a31daa4297c3c/AeQJlYP7e.png""/><a class=""comment-jump-url"" data-report=""2"" href=""//www.bilibili.com/video/av4562"" target=""_blank"">【壁に】Adam_初音ミク【描いてみた】</a>",,,,,,,,
1,"壮哉我大中国<img alt=""[打call]"" class=""small"" src=""//i0.hdslb.com/bfs/emote/431432c43da3ee5aab5b0e4f8931953e649e9975.png@100w_100h.webp""/>",,,,,,,,
1,"阿婆主NB！<img alt=""[点赞]"" class=""small"" src=""//i0.hdslb.com/bfs/emote/1a67265993913f4c35d15a6028a30724e83e7d35.png@100w_100h.webp""/>",,,,,,,,
1,给我火！,,,,,,,,
1,这盛世如你所愿,,,,,,,,
1,"up有才，加油哟！<img alt=""[打call]"" class=""small"" src=""//i0.hdslb.com/bfs/emote/431432c43da3ee5aab5b0e4f8931953e649e9975.png@100w_100h.webp""/><img alt=""[打call]"" class=""small"" src=""//i0.hdslb.com/bfs/emote/431432c43da3ee5aab5b0e4f8931953e649e9975.png@100w_100h.webp""/><img alt=""[打call]"" class=""small"" src=""//i0.hdslb.com/bfs/emote/431432c43da3ee5aab5b0e4f8931953e649e9975.png@100w_100h.webp""/>",,,,,,,,
1,UP主厉害鸭！！！！！！,,,,,,,,
1,"币*1，都说了我是真爱粉<img alt=""[doge]"" class=""small"" src=""//i0.hdslb.com/bfs/emote/bba7c12aa51fed0199c241465560dfc2714c593e.png@100w_100h.webp""/>",,,,,,,,
1,首页通知书,,,,,,,,
1,开炮阿李云龙,,,,,,,,
1,哎！已经一千多个币币了，给你一个吧,,,,,,,,
1,"给你迟来的三连<img alt=""[2233娘_卖萌]"" src=""//i0.hdslb.com/bfs/emote/ea893aa25355de95ab4f03c2dad3f0c58d0c159e.png@100w_100h.webp""/>",,,,,,,,
1,强,,,,,,,,
1,"三连奉上～恭喜AB佬上首页<img alt=""[点赞]"" class=""small"" src=""//i0.hdslb.com/bfs/emote/1a67265993913f4c35d15a6028a30724e83e7d35.png@100w_100h.webp""/>",,,,,,,,
1,"三连了，不白嫖<img alt=""[画风突变]"" class=""small"" src=""//i0.hdslb.com/bfs/emote/ba4de7a3f97644038b15195bdc9f82a8fd118e77.png@100w_100h.webp""/>",,,,,,,,
1,热乎的,,,,,,,,
1,就冲这个 关注你了,,,,,,,,
1,中国虽然还有很多缺陷和不足，但撇开一切历史原因不谈，也确实是中共领导下的大陆才能这样闪亮，为能这样复兴的国家与民族骄傲吧,,,,,,,,
1,风风风,,,,,,,,
1,"男儿何不带吴钩，收取关山五十州！<img alt=""[打call]"" class=""small"" src=""//i0.hdslb.com/bfs/emote/431432c43da3ee5aab5b0e4f8931953e649e9975.png@100w_100h.webp""/><img alt=""[打call]"" class=""small"" src=""//i0.hdslb.com/bfs/emote/431432c43da3ee5aab5b0e4f8931953e649e9975.png@100w_100h.webp""/><img alt=""[打call]"" class=""small"" src=""//i0.hdslb.com/bfs/emote/431432c43da3ee5aab5b0e4f8931953e649e9975.png@100w_100h.webp""/>",,,,,,,,
1,三连必须,,,,,,,,
1,nb,,,,,,,,
1,真的牛批,,,,,,,,
1,好听！！,,,,,,,,
1,"从前有个鼎，叫下次一鼎，鼎里有个瓢，叫白瓢，我们要用它抓捕一种叫阿婆猪的生物，就这样，慢慢的靠近，然后拿出两个硬币，对阿婆猪挥动，阿婆猪就会向你冲来，然后我们眼疾手快地放出下次一鼎，这样阿婆猪只能愤怒的看着里面的白瓢<img alt=""[滑稽]"" class=""small"" src=""//i0.hdslb.com/bfs/emote/d15121545a99ac46774f1f4465b895fe2d1411c3.png@100w_100h.webp""/><img alt=""[滑稽]"" class=""small"" src=""//i0.hdslb.com/bfs/emote/d15121545a99ac46774f1f4465b895fe2d1411c3.png@100w_100h.webp""/>",,,,,,,,
1,首页通知，您三连有了，给爷快火,,,,,,,,
1,666,,,,,,,,
1,编辑推荐的，在这个时刻，有点意义噢。,,,,,,,,
1,首页,,,,,,,,
2,支持鲜鲜！！！,,,,,,,,
1,"鲜鲜NB！<img alt=""[打call]"" class=""small"" src=""//i0.hdslb.com/bfs/emote/431432c43da3ee5aab5b0e4f8931953e649e9975.png@100w_100h.webp""/><img alt=""[打call]"" class=""small"" src=""//i0.hdslb.com/bfs/emote/431432c43da3ee5aab5b0e4f8931953e649e9975.png@100w_100h.webp""/><img alt=""[打call]"" class=""small"" src=""//i0.hdslb.com/bfs/emote/431432c43da3ee5aab5b0e4f8931953e649e9975.png@100w_100h.webp""/>",,,,,,,,
1,旧中国再也不见！,,,,,,,,
1,"这个up还是热乎的，甚至还有点烫手<img alt=""[打call]"" class=""small"" src=""//i0.hdslb.com/bfs/emote/431432c43da3ee5aab5b0e4f8931953e649e9975.png@100w_100h.webp""/>",,,,,,,,
1,赞免费，投币得另加钱，三连又是一个价，您看您来哪个,,,,,,,,
1,猛虎下山,,,,,,,,
1,三连了,,,,,,,,
1,中国NB，冲,,,,,,,,
1,已三连，加油哇up！,,,,,,,,
1,有点意思,,,,,,,,
1,华夏五千年，不长，不短，但，华夏儿女之意，必传与后世,,,,,,,,
1,@李幼斌,,,,,,,,
1,中国牛逼！中国人牛逼！中国万岁！,,,,,,,,
1,我的币都给你了,,,,,,,,
1,开炮！！！,,,,,,,,
1,鬼才,,,,,,,,
1,已三连,,,,,,,,
1,"巨佬<img alt=""[妙啊]"" class=""small"" src=""//i0.hdslb.com/bfs/emote/b4cb77159d58614a9b787b91b1cd22a81f383535.png@100w_100h.webp""/><img alt=""[支持]"" class=""small"" src=""//i0.hdslb.com/bfs/emote/3c210366a5585706c09d4c686a9d942b39feeb50.png@100w_100h.webp""/>",,,,,,,,
1,Up,,,,,,,,
1,"老李，公祭日啊<img alt=""[大哭]"" class=""small"" src=""//i0.hdslb.com/bfs/emote/2caafee2e5db4db72104650d87810cc2c123fc86.png@100w_100h.webp""/><img alt=""[大哭]"" class=""small"" src=""//i0.hdslb.com/bfs/emote/2caafee2e5db4db72104650d87810cc2c123fc86.png@100w_100h.webp""/><img alt=""[大哭]"" class=""small"" src=""//i0.hdslb.com/bfs/emote/2caafee2e5db4db72104650d87810cc2c123fc86.png@100w_100h.webp""/><img alt=""[大哭]"" class=""small"" src=""//i0.hdslb.com/bfs/emote/2caafee2e5db4db72104650d87810cc2c123fc86.png@100w_100h.webp""/>",,,,,,,,
1,这盛世，如你所愿,,,,,,,,
1,"五连敬上<img alt=""[微笑]"" class=""small"" src=""//i0.hdslb.com/bfs/emote/685612eadc33f6bc233776c6241813385844f182.png@100w_100h.webp""/>",,,,,,,,
1,爱了爱了,,,,,,,,
1,我的要求并不高～给我云龙看就很好嗷～可是谁又对你说了同样的话～使py交易成功？你身上有她的py味～是我投币犯的罪～不该给你这硬币，也没有机会登顶～,,,,,,,,
1,前辈 有工业化的中国再也不会被任何人打败了！,,,,,,,,
1,已经三连，真的太好了,,,,,,,,
1,此作必火！！！,,,,,,,,
1,"火钳刘明<img alt=""[阴险]"" class=""small"" src=""//i0.hdslb.com/bfs/emote/ba8d5f8e7d136d59aab52c40fd3b8a43419eb03c.png@100w_100h.webp""/><img alt=""[阴险]"" class=""small"" src=""//i0.hdslb.com/bfs/emote/ba8d5f8e7d136d59aab52c40fd3b8a43419eb03c.png@100w_100h.webp""/><img alt=""[阴险]"" class=""small"" src=""//i0.hdslb.com/bfs/emote/ba8d5f8e7d136d59aab52c40fd3b8a43419eb03c.png@100w_100h.webp""/>",,,,,,,,
1,3连，毫不犹豫,,,,,,,,
1,"<img alt=""[小电视_赞]"" src=""//i0.hdslb.com/bfs/emote/86ccf6d0b5480169bf80f3582fae09d7ed455c06.png@100w_100h.webp""/>",,,,,,,,
1,亿万填词膜拜，必三连,,,,,,,,
1,"冲鸭<img alt=""[洛天依_打尻]"" src=""//i0.hdslb.com/bfs/emote/2ab983b2519dc241666254de8e5352fbeedc96bb.png@100w_100h.webp""/>",,,,,,,,
1,"好词，投币<img alt=""[喜欢]"" class=""small"" src=""//i0.hdslb.com/bfs/emote/8a10a4d73a89f665feff3d46ca56e83dc68f9eb8.png@100w_100h.webp""/>",,,,,,,,
1,应该能火，占个位子,,,,,,,,
1,中国红弹幕给我刷一刷老铁们,,,,,,,,
1,9小时前应景,,,,,,,,
1,勿忘國恥，振興中華。upnb！！！,,,,,,,,
1,"反手就是两个硬币<img alt=""[妙啊]"" class=""small"" src=""//i0.hdslb.com/bfs/emote/b4cb77159d58614a9b787b91b1cd22a81f383535.png@100w_100h.webp""/>",,,,,,,,
1,坂田连改成那坂田会不会好点。小小建议,,,,,,,,
1,和尚 和尚 把我那个... 那个...,,,,,,,,
1,觉得要跟出山一样火呀,,,,,,,,
1,"哇塞，震撼人心哦<img alt=""[打call]"" class=""small"" src=""//i0.hdslb.com/bfs/emote/431432c43da3ee5aab5b0e4f8931953e649e9975.png@100w_100h.webp""/>",,,,,,,,
1,真棒,,,,,,,,
1,12.13，点青灯，回家了,,,,,,,,
1,"这宝藏up啥时候6级的<img alt=""[滑稽]"" class=""small"" src=""//i0.hdslb.com/bfs/emote/d15121545a99ac46774f1f4465b895fe2d1411c3.png@100w_100h.webp""/>",,,,,,,,
1,真应今天，已三连,,,,,,,,
1,火钳刘明,,,,,,,,
1,"做的真好，三连支持<img alt=""[支持]"" class=""small"" src=""//i0.hdslb.com/bfs/emote/3c210366a5585706c09d4c686a9d942b39feeb50.png@100w_100h.webp""/>",,,,,,,,
1,封面上的李云龙是哪一集的呀？,,,,,,,,
1,今天就该看这样的,,,,,,,,
1,我们今天的幸福安定是多少革命先辈用鲜血换来的啊！,,,,,,,,
1,整挺好,,,,,,,,
1,"百万填词亿万调音<img alt=""[小电视_太太喜欢]"" src=""//i0.hdslb.com/bfs/emote/eb41a8c04840e4f77e76a4bff7a29ac89c432f4e.png@100w_100h.webp""/>",,,,,,,,
1,三连,,,,,,,,
1,泱泱华夏五千年。,,,,,,,,
1,"我刚在听这首歌，然后就看到视频了<img alt=""[惊喜]"" class=""small"" src=""//i0.hdslb.com/bfs/emote/0afecaf3a3499479af946f29749e1a6c285b6f65.png@100w_100h.webp""/>",,,,,,,,
1,"三连了铁汁，做的真好！<img alt=""[打call]"" class=""small"" src=""//i0.hdslb.com/bfs/emote/431432c43da3ee5aab5b0e4f8931953e649e9975.png@100w_100h.webp""/>",,,,,,,,
1,干得漂亮,,,,,,,,
1,赞(/≧▽≦/),,,,,,,,
1,想三连，没币了，下次补,,,,,,,,
1,网红鲜  调教的很棒,,,,,,,,
1,好棒啊,,,,,,,,
1,66666666,,,,,,,,
1,必火，我说的,,,,,,,,
1,杀,,,,,,,,
1,刚刚看完了亮剑原著，看的真的难受( ´_ゝ｀),,,,,,,,
1,兔妈美如画,,,,,,,,
1,"这盛世，如你所愿<img alt=""[支持]"" class=""small"" src=""//i0.hdslb.com/bfs/emote/3c210366a5585706c09d4c686a9d942b39feeb50.png@100w_100h.webp""/>",,,,,,,,
1,"首页通知书<img alt=""[doge]"" class=""small"" src=""//i0.hdslb.com/bfs/emote/bba7c12aa51fed0199c241465560dfc2714c593e.png@100w_100h.webp""/>",,,,,,,,
1,三连,,,,,,,,
1,鲜鲜牛啊！也要勿忘国耻！,,,,,,,,
1,真是不错,,,,,,,,
1,up好棒！词特别感人，今天看到这个视频心里真的很难受，愿革命先辈们都能看到今日的幸福安宁。三连了，加油,,,,,,,,
1,"狭路相逢勇者胜<img alt=""[罗小黑_来了]"" src=""//i0.hdslb.com/bfs/emote/fd1950da6509171ba144d138c4d0a81f0840794e.png@100w_100h.webp""/>",,,,,,,,
1,(=・ω・=),,,,,,,,
1,三连不多bb,,,,,,,,
1,我来咯！,,,,,,,,
1,来晚了！没文化，就来一句AB牛批吧！！,,,,,,,,
1,"AB牛逼<img alt=""[点赞]"" class=""small"" src=""//i0.hdslb.com/bfs/emote/1a67265993913f4c35d15a6028a30724e83e7d35.png@100w_100h.webp""/>",,,,,,,,
1,that's ♂ good,,,,,,,,
1,已投币,,,,,,,,
1,三连支持，加油,,,,,,,,
1,团长下山了！,,,,,,,,
1,吾辈当自强,,,,,,,,
1,这盛世，如您所愿！,,,,,,,,
1,"圆圆的东西请求交易<img alt=""[偷笑]"" class=""small"" src=""//i0.hdslb.com/bfs/emote/6c49d226e76c42cd8002abc47b3112bc5a92f66a.png@100w_100h.webp""/>",,,,,,,,
1,这次回复是对了的,,,,,,,,
1,第一,,,,,,,,
0,2020已过去，我是第2021个评论,,,,,,,,
0,"做的真的好<img alt=""[热词系列_爱了爱了]"" src=""//i0.hdslb.com/bfs/emote/2a165b555ba20391316366c664ed7891883dc5aa.png@100w_100h.webp""/>",,,,,,,,
0,第2019,,,,,,,,
0,"<img alt=""[热词系列_三连]"" src=""//i0.hdslb.com/bfs/emote/21f15fe11b7a84d2f2121c16dec50a4e4556f865.png@100w_100h.webp""/><img alt=""[热词系列_DNA]"" src=""//i0.hdslb.com/bfs/emote/f6eb74f8230588f61a298af89061a7d75c5762e5.png@100w_100h.webp""/><img alt=""[热词系列_妙啊]"" src=""//i0.hdslb.com/bfs/emote/b7e36d0f863933d95974152b91bf5dfbae048938.png@100w_100h.webp""/><img alt=""[热词系列_这次一定]"" src=""//i0.hdslb.com/bfs/emote/a01ca28923daa7cc896c42f27deb4914e20dd572.png@100w_100h.webp""/>",,,,,,,,
0,少许调查北京进口面膜,,,,,,,,
0,nb,,,,,,,,
